id,domain,status,purchase_price,renewal_price,attractiveness,demand,length,registrar,created_at,expires_at,status_verified_at
34ebdbc1-0bb5-4bc7-b875-884c47575511,kitbags.net,available,,,low,low,7,,,,
6d18f302-9a19-402b-8c3d-316a76cf8cca,airedale.net,resell,,,high,low,8,"GoDaddy.com, LLC",28/06/2001 23:31,28/06/2027 23:31,26/09/2026 01:27
2e6e33b2-12db-4a83-98b0-2cbb72d9d93e,carroty.net,available,12.48,18.58,medium,low,7,namecheap,,,11/08/2026 19:48
6f8ac318-7eb3-4b8f-b4fa-293c1fe7f2e3,deter.net,resell,,,high,high,5,"OnlineNIC, Inc.",13/03/2009 18:58,13/03/2027 18:58,26/09/2026 05:31
13db7dd4-e01e-4821-af5f-f22233671030,dribble.net,resell,,,high,high,7,"GoDaddy.com, LLC",10/12/2000 11:39,10/12/2026 11:39,26/09/2026 05:41
6fe7e870-cfe0-4c73-8f5a-2986e107564d,spotlights.net,resell,,,high,medium,10,Dynadot Inc,13/02/2014 19:43,13/02/2027 19:43,26/09/2026 09:14
da6c02fb-3969-4646-b773-cc6dd75e6ca5,picnickers.net,available,,,medium,low,10,,,,
f3a5b98f-9ea8-4bb2-9381-959618c4eead,frelimo.net,available,,,high,high,7,,,,
18f6a15a-95c0-4281-a8dc-dfefe742ba0f,forgot.net,resell,,,medium,low,6,,,,27/09/2026 21:47
00751e4d-56f5-42c1-9dcb-84820b591aa8,gongorism.net,available,,,high,high,9,,,,
be95bb84-83b7-47e4-bfaf-691ba359a91f,helper.net,resell,,,high,low,6,"GoDaddy.com, LLC",06/03/2000 12:27,06/03/2027 12:27,26/09/2026 06:38
af29a1f2-bb7f-4b01-95cf-4ee2298b38dd,appellant.net,available,,,high,low,9,,,,
30e964fc-7437-4e43-a0d5-99ebddf90825,positioned.net,resell,,,medium,low,10,,,,29/09/2026 23:39
5cf68d89-5bb8-4699-b986-843b33e1b5a0,twitterer.net,available,,,high,medium,9,,,,
eee89631-a95d-4063-98ae-b48a2fc38318,stancel.net,available,,,high,high,7,,,,
cac4f4e9-748a-4f91-aa37-3eb98c7683e4,saloonkeeping.net,available,,,medium,low,13,,,,
88f0539b-bbcc-4d84-b2fd-9ee03086989d,amazement.net,resell,,,high,low,9,"TurnCommerce, Inc. DBA NameBright.com",24/03/2024 18:17,24/03/2027 18:17,26/09/2026 03:49
5c0edfff-fe3f-48e0-8ebd-6bba5691ae6e,nationally.net,resell,,,high,low,10,"GoDaddy.com, LLC",19/07/2003 18:39,19/07/2027 18:39,26/09/2026 07:43
c3799c52-ddb4-499e-9655-d614015172c2,additional.net,resell,,,high,low,10,Whois Corp.,09/05/2000 10:45,09/05/2027 10:45,26/09/2026 01:22
6ba8e81c-49ef-462f-8249-89806c66305f,graspable.net,available,12.48,18.58,medium,low,9,namecheap,,,06/08/2026 08:18
6f7f4107-7a1d-40b4-8031-584516f48e0a,frothing.net,resell,,,high,low,8,"NameCheap, Inc.",20/11/2009 19:48,20/11/2026 19:48,26/09/2026 06:16
ff5ef7b1-37bf-4cf9-8076-b4ce3b9aeb2c,anser.net,resell,,,medium,low,5,"NameSilo, LLC",11/02/2021 19:15,11/02/2027 19:15,26/09/2026 03:54
c189ab7b-d4b3-4f44-b171-33757987c5aa,slaveless.net,available,12.48,18.58,medium,low,9,namecheap,,,18/08/2026 14:44
02547fcd-5670-42ef-96ad-a5dec94b9d2d,safeish.net,available,,,high,high,7,,,,
31829aa8-b7c5-44ac-be69-3f33b88bdc66,mikey.net,resell,,,high,low,5,Dynadot Inc,14/02/1997 05:00,15/02/2027 05:00,26/09/2026 07:33
380ace43-ee4b-4f43-8123-96537b25aee4,icehouses.net,available,,,medium,low,9,,,,
f763fcc6-0e19-46f4-9c4a-71c7f5dce67a,outflanking.net,available,,,high,high,11,,,,
52f20302-91df-41bb-82be-669eba5671f5,dimm.net,resell,,,high,high,4,"GoDaddy.com, LLC",23/12/2020 19:16,23/12/2026 19:16,26/09/2026 05:34
f78e5eed-ff4f-469d-8e96-f31d2bbea81a,infrastructures.net,premium,,,high,low,15,Annulet LLC,23/01/2003 17:18,23/01/2026 17:17,
c5f2aa55-4c7f-4cd2-917a-710a326483d0,hymnography.net,available,,,high,high,11,,,,
b09d26b6-ccdf-4a02-8288-b61249f75e2d,loaves.net,resell,,,medium,low,6,TuringSign Inc. d/b/a Cosmotown,17/03/2014 18:28,17/03/2027 18:28,26/09/2026 07:17
ea7ada6d-9f89-43bf-a704-8162732c22e6,kizzuwatna.net,available,,,high,high,10,,,,
b89cf5e7-27c9-444d-9181-b32a17828d24,flabbergaster.net,available,,,high,high,13,,,,
26a4ada1-b772-4d72-9b6c-fb8d648cadd4,reichstag.net,resell,,,medium,low,9,,,,28/09/2026 16:30
1720db3c-2e23-42a8-8e37-362e1e3053ce,phenylpropane.net,available,,,high,high,13,,,,
053d8220-8b9b-4c16-b8a0-c4574b70134c,foucault.net,resell,,,medium,low,8,,,,28/09/2026 19:15
3e0be834-551e-416d-994b-d923b207d94e,unsociable.net,available,11.98,18.58,medium,low,10,namecheap,,,12/09/2026 20:09
3554efb3-939a-4d33-b472-89b7a80486e2,decriminalise.net,available,,,high,high,13,,,,
41258f69-7666-4718-9674-e71452cae7fb,largeish.net,available,,,medium,low,8,,,,
9964efde-7a6e-40df-b776-3c225c0855cd,hymnically.net,available,,,medium,low,10,,,,
95228cc2-1526-4fa7-b308-653bbf940cdf,brandysnap.net,available,,,medium,low,11,,,,
77d16f35-79e1-46f7-b71a-98f8a803754c,gallinula.net,available,,,high,high,9,,,,
67166e1d-4011-4785-90cd-e474dd532b5d,plundered.net,resell,,,medium,low,9,"SNAPNAMES 97, LLC",16/07/2017 18:28,16/07/2027 18:28,26/09/2026 08:13
19950041-c086-498e-94fd-d1b69f276989,purchased.net,resell,,,medium,low,9,,,,28/09/2026 17:30
00a58aab-a8f1-442a-8f3f-e6b3a8d94abe,tousled.net,available,12.48,18.58,medium,low,7,namecheap,,,14/08/2026 11:02
1084430d-8d51-4f8c-bcd9-9fad8dc6743b,constrict.net,available,,,high,medium,9,,,,
bc393f40-fac9-4de2-8fd3-8ce46c04bec0,baptise.net,available,,,high,high,7,,,,
28e68daa-2f75-4019-b2d2-88aa87ffdf53,abigeus.net,available,,,medium,low,7,,,,
7600c0c7-76a7-4ebc-8256-a2d5616c9a6b,acinar.net,available,15.95,15.95,medium,low,6,namesilo,,,24/09/2026 08:17
43dfa9aa-bca8-45df-a9f8-e0ac9f0e5492,feral.net,resell,,,high,low,5,"GoDaddy.com, LLC",15/05/2002 02:17,15/05/2027 02:17,26/09/2026 06:03
db8fb547-9556-4edf-bbfc-64c53aa0dfbf,nutriceutical.net,available,,,high,high,13,,,,
1923d8c9-4a81-4bfc-b64b-f43ed6bb2d62,grangeville.net,available,,,high,high,11,,,,
23991253-9bf8-4d98-ab18-3d7d10b30fda,disprover.net,available,,,high,high,9,,,,
1a1e48eb-6a86-426d-a084-61deda104fd9,introduces.net,resell,,,medium,low,10,"Gabia, Inc.",23/03/2001 11:50,23/03/2027 10:50,26/09/2026 06:56
d4129714-9bf2-4764-8e74-5e4805cd7d83,moneyism.net,available,12.48,18.58,high,high,8,namecheap,,,25/09/2026 12:09
0db81126-0942-48b1-8b7e-338e4af24050,pluripotency.net,available,,,high,low,12,,,,
e49bcd31-af4a-45b9-a216-621817aed4f6,gorgonacea.net,available,,,high,high,10,,,,
a9690ef1-37cd-4d88-aba8-fcad81caa1b6,sinkroom.net,available,,,high,high,8,,,,
8b885818-927a-47e6-9eeb-3b7fa24f172d,affix.net,resell,,,high,low,5,"GoDaddy.com, LLC",18/03/2002 20:13,18/03/2027 19:13,26/09/2026 01:25
ee646b1f-51d6-4953-b318-20e4f2978bc8,daypack.net,available,,,high,high,7,,,,
8919578a-e420-4e0a-8860-210a6f6d8ff0,programming.net,resell,,,high,low,11,,,,28/09/2026 12:38
f5b3ca09-9a82-4ce4-b7fd-91c01e70ef0d,profession.net,resell,,,high,low,10,"GoDaddy.com, LLC",05/04/1999 04:00,05/04/2027 04:00,30/09/2026 07:31
e9a8fd79-5d14-4e4f-879f-585fdf6d8134,spooling.net,available,,,high,high,8,,,,
1df51a1d-10e0-4e35-b862-4d3cb003ed3b,constituency.net,resell,,,high,high,12,"NameCheap, Inc.",15/02/2026 19:38,15/02/2027 19:38,26/09/2026 05:12
2488dfe7-f14a-4e04-b323-9e221095d7bf,vanzetti.net,available,12.48,18.58,high,low,8,namecheap,,,22/09/2026 09:26
edd66512-b5d7-4377-83ee-3e228bb8f2ac,mouths.net,resell,,,medium,low,6,Rabbitsfoot.com LLC d/b/a Oxygen.nyc,22/04/2006 18:19,22/04/2027 18:19,26/09/2026 07:40
e15c53ed-881b-47fa-83a8-ff7aef2ea73e,sophisticated.net,resell,,,high,low,13,"Spaceship, Inc.",29/01/1999 05:00,29/01/2027 05:00,26/09/2026 09:09
f875920e-f1fc-4a2e-9949-0499abc4097b,offence.net,resell,,,high,low,7,"NameCheap, Inc.",29/03/2020 18:23,29/03/2027 18:23,26/09/2026 07:52
c651f457-c2b5-4b27-91f6-dc54bee6c57b,hector.net,resell,,,medium,low,6,Porkbun LLC,09/12/2001 19:28,09/12/2028 19:28,26/09/2026 06:37
29cc7aca-5311-457e-a4ee-3756fef23d1d,andira.net,available,12.48,18.58,medium,low,6,namecheap,,,19/09/2026 04:05
2239eaa8-6075-4671-bccc-57de09566d4d,fuses.net,resell,,,high,low,5,GoDaddy Online Services Cayman Islands Ltd.,03/03/1999 05:00,03/03/2027 05:00,26/09/2026 06:17
40f43f53-0a82-4ef5-8d68-0e9509020a17,laura.net,resell,,,high,low,5,Dot Holding Inc.,03/10/1998 04:00,02/10/2027 04:00,26/09/2026 07:09
34a7962d-ece9-4bf8-a8ea-ffef5c5c0bb8,angolan.net,available,12.48,18.58,high,low,7,namecheap,,,
85d5515a-ed9b-4943-afc8-db72142d9c0c,skippered.net,available,,,medium,low,9,,,,
c9ea2466-ca2d-4764-acb5-6fd7ec6c9191,carburetter.net,available,,,high,high,11,,,,
8ed68fdf-5a7f-483b-b649-047f5f5352cf,resources.net,resell,,,high,low,9,"eNom, LLC",17/05/1996 04:00,18/05/2027 04:00,26/09/2026 08:38
4ad36483-1f81-4baa-90ae-6021b7e809da,bullet.net,resell,,,high,low,6,Dynadot Inc,03/01/2004 19:13,03/01/2027 19:13,29/09/2026 05:18
1b21fbd4-3adb-4ba8-872f-590a0df4aadd,provisionally.net,available,,,high,high,13,,,,
d85a4fb8-d527-4091-b5b7-bd360203fc13,comines.net,available,,,high,high,7,,,,
04fb33cb-769f-445b-9ef3-661d8cfea538,previously.net,resell,,,medium,low,10,"DomainPeople, Inc.",28/01/2004 05:26,28/01/2027 05:26,28/09/2026 12:13
ae028633-e431-47a3-87e8-bd84fb083a0d,tinseling.net,available,,,medium,low,9,,,,
5797fa39-2e0e-4092-b6f6-b93a6d99d40d,flexecutives.net,available,,,medium,low,12,,,,
0eda943f-0ccc-4fbc-a7aa-a876b77c71b3,toothwash.net,available,,,high,high,9,,,,
d27d308f-5fff-4192-9264-ccb08b582dd5,sonochemist.net,available,,,high,high,11,,,,
500537e7-9ad9-4b31-adda-bc4e943847c3,asmera.net,available,15.95,15.95,medium,low,6,namesilo,,,20/09/2026 14:30
f9d7e91e-b2b6-4338-bf50-9dce8f44f0f7,valiancy.net,available,,,high,high,8,,,,
48bf23ad-ec60-46ad-b04c-5dbcd9027acc,goddamned.net,available,12.48,18.58,medium,low,9,namecheap,,,10/08/2026 12:48
aa2a3c39-bac9-46d5-82ab-311b1da20ec1,filleted.net,available,,,high,high,8,,,,
459383cc-6d26-432e-b116-fdc6b42e83b5,renunciation.net,available,,,high,high,12,,,,
3b82cc5c-93de-4d51-b1bd-7f26e5dcef98,pronouncements.net,available,,,medium,low,14,,,,
95790528-d2ce-4a58-88e5-c64c0271e578,podad.net,available,,,medium,low,5,,,,
d5feea40-418e-4eba-85e5-dd028b0c7d31,betula.net,resell,,,medium,low,6,"GoDaddy.com, LLC",24/12/2002 02:04,24/12/2026 02:04,26/09/2026 04:23
caedcaa1-5ef6-45eb-a420-3aa61909f32c,unscripted.net,resell,,,medium,low,10,"GoDaddy.com, LLC",11/03/2002 20:58,11/03/2027 19:58,26/09/2026 09:53
1e9065b8-bd17-4cdd-8b42-8b7f76905244,siliceous.net,available,11.98,18.58,high,medium,9,namecheap,,,10/09/2026 08:07
08eca0cc-61ac-40cc-8054-71c77381814f,tiled.net,resell,,,high,low,5,"GoDaddy.com, LLC",17/01/2025 20:32,17/01/2027 20:32,26/09/2026 09:38
ffd08929-02f6-47c8-96a6-7c86563238c4,womanifesto.net,available,,,high,high,11,,,,
e14f39a7-17d9-49ff-ae6b-4db619e70579,graveson.net,available,,,high,high,8,,,,
463298da-0651-426b-bdb5-a523bce08011,aerodynamically.net,available,,,high,high,15,,,,
4961d948-e1eb-415c-aed7-6ae6a702b9ba,nonmedical.net,available,,,high,low,11,,,,
c7e8941f-c72b-4f16-8ef6-aa1bc7163f74,sounder.net,resell,,,high,high,7,"Gabia, Inc.",23/01/2003 19:01,23/01/2027 19:01,26/09/2026 09:10
882f18da-c101-47ac-b195-f68c442f1790,broward.net,resell,,,high,low,7,,,,29/09/2026 22:39
a47f3034-a5d1-4511-b9c7-f0a4447ee5d5,reremouse.net,available,,,high,high,9,,,,
c899f06e-6a30-497e-89ea-3b264e9c6d98,aficionada.net,available,,,high,high,10,,,,
d5ed7127-3a8c-4ed5-aeb7-6c0870881f40,tamper.net,resell,,,high,high,6,Dynadot Inc,20/11/2002 05:40,20/11/2026 05:40,26/09/2026 09:30
4d173cce-07f1-49cd-8246-eeea37960b20,fingerwork.net,available,,,high,high,10,,,,
bb2bd926-fcfe-4ea9-a95f-ae81dbf649e6,respire.net,resell,,,high,high,7,"GoDaddy.com, LLC",04/08/1999 21:34,04/08/2027 21:33,26/09/2026 08:38
44dd2f2c-28d2-4136-9171-eceb629698b4,genu.net,resell,,,high,low,4,"NameSilo, LLC",20/05/2002 21:27,20/05/2027 21:27,26/09/2026 06:21
3fa62511-9376-41b8-876a-585ef6ee4858,bullionless.net,available,,,medium,low,11,,,,
94261c9e-a7b9-4d51-9a69-704d7b41701b,highbinder.net,available,,,high,high,11,,,,
32f0e1c7-a401-490e-a2bc-9d12ad304f55,hematinic.net,available,,,high,high,9,,,,
e874790d-930b-444c-a17f-b841f8b19b37,destressor.net,available,,,high,high,10,,,,
cd7dc9aa-a6b2-48e6-b269-c9cb780910a6,cybernetic.net,resell,,,high,low,10,"NameSilo, LLC",12/01/2012 19:18,12/01/2027 19:18,26/09/2026 05:23
f24e00ef-f14e-4e98-99c6-aebcd2c6eec6,kissogram.net,available,,,high,high,9,,,,
3d29ad23-bddc-44a6-be6e-5f5bad38e281,chimpcago.net,available,,,medium,low,9,,,,
0621a4a8-106b-4f63-a644-de937a003f02,icescape.net,available,,,high,high,8,,,,
56e5360a-84fa-4cbe-b974-1488ba4133f3,shunning.net,available,15.95,15.95,medium,low,8,namesilo,,,21/09/2026 09:50
2c4831ab-4874-4650-9253-5571f2b7aaba,prenatal.net,resell,,,high,low,8,"Sav.com, LLC",12/07/1998 04:00,11/07/2027 04:00,26/09/2026 08:18
f0a1f631-20b1-4b11-9dae-237d813af369,personals.net,premium,41457.5,23.99,medium,low,9,NetTuner Corp. dba Webmasters.com,21/06/1997 04:00,20/06/2027 04:00,25/08/2026 02:45
177353e3-f97f-46bf-a7f4-eb27d35c73fd,irreproachably.net,available,,,high,high,14,,,,
fd45877f-4cb3-4f38-abab-6e1f64d6814b,dolos.net,resell,,,high,medium,5,"Spaceship, Inc.",06/08/2025 18:53,06/08/2027 18:53,26/09/2026 05:38
077b3c6f-690c-4932-8fb8-deb643c99924,hunker.net,resell,,,medium,low,6,Dynadot Inc,23/08/2005 18:22,23/08/2027 18:22,26/09/2026 06:46
bd1450b6-85f7-47e4-93a8-ee0e9666c46f,heiduck.net,available,,,high,high,7,,,,
4802610e-3bb5-4eda-9539-90078c2d5d40,corinthian.net,resell,,,high,low,10,"GoDaddy.com, LLC",30/06/1996 04:00,29/06/2027 04:00,26/09/2026 05:15
85ef2366-08a8-44da-a075-38cf3fb0bd9f,replaced.net,resell,,,medium,low,8,,,,27/09/2026 22:59
43f05f4b-0571-4ab5-b26b-193a886a5683,apes.net,resell,,,medium,low,4,,,,29/09/2026 04:59
7a6c361e-1a77-4450-bebb-ea1c267b4fa1,faced.net,resell,,,high,low,5,Dynadot Inc,11/07/2004 18:24,11/07/2027 18:24,26/09/2026 05:59
fc68a24c-f6a1-487b-bf14-ba155d2cd0dc,pier.net,resell,,,high,low,4,,,,28/09/2026 06:35
ca8ece55-71d7-45fc-b927-6857b1048486,decreeing.net,available,,,high,high,9,,,,
f5cf4fb9-5dd0-4118-8ab5-eb7ce9eacebf,mannikin.net,available,,,high,high,8,,,,
55792b75-bed3-432b-a04f-bc5ffbf82886,maputo.net,resell,,,high,medium,6,"TurnCommerce, Inc. DBA NameBright.com",31/05/2018 18:34,31/05/2027 18:34,26/09/2026 07:25
4d905d3d-952e-48a0-a6ca-887ce555c357,curls.net,resell,,,high,medium,5,"GoDaddy.com, LLC",17/01/2020 20:08,17/01/2027 20:08,26/09/2026 05:22
b274460a-0063-43ff-bea9-eee772af9d8d,overenthusiastic.net,available,,,high,high,16,,,,
945ad32e-a3aa-439f-b0a1-cbb3a0f81db2,highhandedly.net,available,,,high,high,12,,,,
46b11436-34e0-4265-ab34-659f6d942a5a,renegades.net,resell,,,high,medium,9,"Sav.com, LLC",27/03/2000 23:46,27/03/2027 22:46,26/09/2026 08:36
2b1a3402-d797-490d-8f63-88242a383f79,minimart.net,premium,,,high,high,8,Annulet LLC,16/03/2003 19:16,16/03/2026 18:16,
d31219a9-ab3f-4db0-aa11-05330cdf40c0,hangs.net,resell,,,low,low,5,,,,28/09/2026 08:56
0b988814-fc2b-4b3d-9367-ae66b921f356,redemptive.net,resell,,,high,medium,10,DropCatch.com 443 LLC,03/09/2026 18:23,03/09/2027 18:23,26/09/2026 08:33
9147478e-b4da-490c-b4f8-e7c839cb5010,stoically.net,available,15.95,15.95,medium,low,9,namesilo,,,16/09/2026 07:14
64461a86-b70f-4615-90dc-47137e3a79ac,regaining.net,resell,,,high,high,9,"NameCheap, Inc.",30/11/2009 09:16,30/11/2026 09:16,26/09/2026 08:34
a7200f24-72ed-4d03-a5a1-850f19a99d63,redemption.net,resell,,,high,low,10,"GoDaddy.com, LLC",09/06/1998 04:00,08/06/2027 04:00,29/09/2026 05:37
907e42c9-3a6a-4082-9c3b-ddaf5564ccac,drinamyl.net,available,,,medium,low,8,,,,
f1fd2ecd-0ec1-4fa9-b238-9ba0bfc77559,trifled.net,available,,,medium,low,7,,,,
f1bc6235-10c9-4d74-ab67-37e121d2965b,imperious.net,resell,,,medium,low,9,"Domains of Origin, LLC",23/05/2017 18:41,23/05/2027 18:41,26/09/2026 06:49
3579e779-68c7-47b1-ab12-cf88854e8d9c,reversions.net,available,,,medium,low,10,,,,
22a2dcee-6196-49db-bb03-b4089f7611e3,semiabstract.net,available,,,high,high,12,,,,
eb70b88c-375c-4d62-a17b-3e3a7e49307e,vie.net,resell,,,high,low,3,"Gransy, s.r.o.",02/10/2010 18:13,02/10/2027 18:13,30/09/2026 17:35
2828aa1a-a672-4009-af24-b7e511520f03,pertly.net,available,11.98,18.58,medium,low,6,namecheap,,,15/09/2026 02:17
2ee5b0ab-6592-468b-b6af-f01f17461043,hitout.net,available,,,high,high,7,,,,
4953eff4-2b57-4f99-a9a9-ea8e969dbc0a,forkball.net,available,,,high,high,8,,,,
70b3b7ef-67a3-4df1-b1fe-9fa77146834b,couped.net,available,,,medium,low,6,,,,
aab2f8bb-ba5b-4673-adcd-b37e3d090b46,tenthly.net,available,15.95,15.95,medium,low,7,namesilo,,,16/09/2026 08:21
d2816eb7-a32e-46e4-9ead-4f213cb34984,carbonylsulfide.net,available,,,medium,low,16,,,,
14971efa-ef82-45b4-9842-60e0d82c26f2,kenyan.net,resell,,,high,low,6,"NameCheap, Inc.",28/11/2001 22:29,28/11/2029 22:29,26/09/2026 07:04
57543cf6-92c6-4be7-aabf-9b96b0d1ef76,gaea.net,resell,,,high,high,4,Dynadot Inc,14/03/2001 11:49,14/03/2027 10:49,26/09/2026 06:18
f27da6bf-e2d1-4db0-b235-2770ac1075de,pudgy.net,resell,,,medium,low,5,"Spaceship, Inc.",28/09/2012 18:05,28/09/2027 18:05,30/09/2026 04:40
fb0a5807-965b-4585-a9e8-9fb96f6fdf5e,digitizer.net,resell,,,high,low,9,"GoDaddy.com, LLC",02/05/1999 14:07,01/07/2027 03:59,26/09/2026 05:33
2efe9c65-c889-4a4b-a61c-4925109d93e7,dramatics.net,resell,,,high,high,9,Dynadot Inc,11/09/2000 13:28,11/09/2027 13:28,26/09/2026 05:40
528e8258-6d27-4a13-8e7c-98355b380498,tougher.net,resell,,,high,low,7,,,,29/09/2026 11:36
82fb1920-6784-4438-af89-0846f57b31b5,staccatissimo.net,available,,,high,high,13,,,,
5c06dce1-ed0f-4b98-b4f9-641f416bd9dd,metres.net,resell,,,medium,low,6,,,,29/09/2026 23:41
6c90ef38-307d-4a6e-9b89-8300f6e29780,requisitioning.net,available,,,low,low,14,,,,
d60be697-46d2-4b88-8854-f5374ee035d6,bouncily.net,available,,,high,high,8,,,,
ae4f09fb-b59e-4f5b-a301-b81c832e7d16,developmental.net,resell,,,medium,low,13,,,,29/09/2026 02:36
afc00b3e-d2a6-4461-a40c-312c5f0c9624,salvific.net,available,11.98,18.58,high,medium,8,namecheap,,,09/09/2026 21:03
53f12959-e14d-45d7-96ab-6afa14df1235,polysomic.net,available,,,high,high,9,,,,
1381e18e-c68f-4760-bd00-b1b86bcede90,preciously.net,available,11.98,18.58,high,medium,10,namecheap,,,09/09/2026 01:14
fd6c9986-62f5-437d-93a0-44d3022e48db,scotswomen.net,available,,,medium,low,10,,,,
fa625f39-b185-4e50-a2d9-54c289b0672e,darkening.net,available,16.49,23.99,medium,low,9,name.com,,,13/08/2026 18:10
69427248-52aa-45a1-9234-d1846bbb02b4,uncorked.net,resell,,,high,medium,8,Gname 250 Inc,25/08/2026 18:18,25/08/2027 18:18,26/09/2026 09:50
cf8456f0-450f-4533-bc0f-d634fe65ab15,malt.net,resell,,,high,low,4,GoDaddy Online Services Cayman Islands Ltd.,16/11/1999 11:38,16/11/2029 11:38,26/09/2026 07:24
bcacc6f4-0a06-4647-9f9e-6b1b199e8875,haiduck.net,available,,,high,high,7,,,,
dc5b73e8-7d11-48cc-97a7-79fd82119c88,invitingness.net,available,,,medium,low,12,,,,
68a22776-31ab-4d6e-99c1-c3d1582e1c56,formal.net,resell,,,high,low,6,"eNom, LLC",28/01/1999 05:00,28/01/2028 05:00,26/09/2026 06:12
1c700e68-03a2-418c-88ac-9a6c7c255917,gordimer.net,available,,,high,high,8,,,,
d8588d35-4a22-456f-b720-7677c2200087,cemetery.net,resell,,,high,low,8,,,,27/09/2026 12:06
4f633472-70b1-4428-a22a-612fa9ab576a,panellist.net,available,,,high,high,9,,,,
588e4a66-ec42-4c41-a70e-2fa94ed94f4a,acrobates.net,available,15.95,15.95,medium,low,9,namesilo,,,17/09/2026 03:18
f13926c8-37d0-4f84-a3bd-390f17259cb9,experimentalist.net,available,,,high,high,15,,,,
fa6de37d-ff2a-4f0f-bce7-008dcffa5179,idolatress.net,available,,,high,high,10,,,,
ba2fc949-71a3-4234-9f95-8ee28779b9b8,snatched.net,resell,,,high,low,8,,,,29/09/2026 21:12
d4fa6f82-25b7-4f0c-a78b-a7bda50ec704,euphemistic.net,available,,,high,high,11,,,,
b1294d3d-5371-4bb2-be06-c4ee1f64f30f,upcoiled.net,available,,,low,low,8,,,,
5771718b-f472-4d99-8095-e9ee378f1823,medicinally.net,available,,,high,high,11,,,,
c887947e-2363-49e0-8742-0f208f382e5f,puri.net,resell,,,high,low,4,"OnlineNIC, Inc.",09/01/2000 17:34,09/01/2027 17:34,30/09/2026 11:54
1bf275c5-f664-449c-9fbf-25fef8eaef09,shangrila.net,resell,,,high,high,10,"Megazone Corp., dba HOSTING.KR",21/07/2012 18:40,21/07/2027 18:40,26/09/2026 08:57
8341a453-5524-4dfa-8bec-b48b87f933d8,allegro.net,resell,,,high,low,7,Porkbun LLC,08/08/2025 18:04,08/08/2027 18:04,26/09/2026 03:48
c87054f2-6ec0-4d2b-92f0-d558c0baee34,firecock.net,available,,,high,high,8,,,,
8a10eaab-c4a6-417c-ada1-6d23e6a0fa14,omphaloskepsis.net,available,,,high,high,14,,,,
58bd4a50-7cd6-4a00-aef5-517f3ccd3c9e,jessa.net,resell,,,high,high,5,GoDaddy Online Services Cayman Islands Ltd.,09/07/2009 18:14,09/07/2027 18:14,26/09/2026 06:59
fb3fcd93-5857-41a0-b5d1-9ff00a8b2e1b,tanggula.net,available,,,medium,low,8,,,,
b505f01e-772e-4ad6-b3d7-6c8a306df306,brazos.net,resell,,,medium,low,6,,,,29/09/2026 18:04
816bc4a5-5c4f-44f6-892b-84555b232264,isomeric.net,available,12.48,18.58,medium,low,8,namecheap,,,22/08/2026 11:08
e7e47499-0c08-4f1e-b026-4cc64d50678d,trelliswork.net,available,,,high,high,11,,,,
914f9397-6c15-4133-ba5b-82094389f88d,innings.net,available,,,high,high,7,,,,
90113112-e2e5-4aec-87ae-eba8d341730d,strategies.net,resell,,,high,low,10,,,,30/09/2026 07:25
d7d1e94c-5d2e-42a9-bcf6-ccfaf697b73b,genesiacal.net,available,,,medium,low,10,,,,
3766555b-3d31-464c-bcbe-7eea021a456d,desalinisation.net,resell,,,medium,low,14,"GoDaddy.com, LLC",23/01/2011 17:56,23/01/2027 17:56,26/09/2026 05:30
3e3bf989-b10f-403b-a999-30df917a00b6,etl.net,resell,,,high,medium,3,"GoDaddy.com, LLC",05/08/2002 18:10,05/08/2027 18:10,26/09/2026 05:54
dab09e1a-ea03-4040-9701-a3001672dbba,whiskeyful.net,available,,,high,high,10,,,,
cbd9441c-b3d3-401b-8e52-308aeac6ce48,dishonest.net,resell,,,medium,low,9,Rabbitsfoot.com LLC d/b/a Oxygen.nyc,04/05/1999 06:31,04/05/2027 06:30,26/09/2026 05:35
39b761a1-77f2-4c52-ae43-18a77e93568a,stabiae.net,available,,,high,high,7,,,,
26290f7a-2e6f-4501-86d4-71893e74ae64,unambiguously.net,available,,,high,high,13,,,,
07b8e590-82a9-49cc-be2e-e092cafd9d68,strengthening.net,resell,,,high,low,13,,,,30/09/2026 19:59
d01100eb-ecba-44d2-a5bc-2a8718b48ae0,selfassuming.net,available,,,high,high,13,,,,
b9aa2306-53b5-4607-ab18-5928efd806b5,imperialism.net,premium,,,high,high,11,Annulet LLC,06/11/2000 11:42,06/11/2025 11:42,
d3659a60-0e35-4f97-8aff-41bf149446b1,hectoliter.net,available,,,high,high,10,,,,
a176bdca-09cf-4b13-a473-b7a5503a872a,synapses.net,resell,,,high,medium,8,"OnlineNIC, Inc.",14/12/2000 11:42,14/12/2026 11:42,26/09/2026 09:28
942fbb11-6f4a-4a88-a017-ab2352343c3d,coones.net,available,,,high,high,6,,,,
c0730439-ccc6-462b-873e-7b12621b98cd,necessitates.net,available,,,medium,low,12,,,,
63100ad5-9c29-4143-afb4-86b11a5170a0,commenters.net,available,,,medium,low,10,,,,
fa5ee141-f0b0-4de9-a004-382f740e41fb,authoritatively.net,available,,,high,high,15,,,,
6518c894-770d-4d10-8280-4e6bcffa61ac,hushed.net,available,,,high,low,6,,,,
bcfd0d5f-45bb-4c34-b760-b0b8244fd8d7,cannellini.net,available,,,high,high,10,,,,
63f2547b-e729-4a70-aca1-6a5e7c25a8e9,frenchwomen.net,available,,,medium,low,11,,,,
33728bb8-f3da-41e2-9422-072c4ca6cbe1,demure.net,resell,,,high,low,6,"TurnCommerce, Inc. DBA NameBright.com",14/02/2018 19:15,14/02/2027 19:15,26/09/2026 05:29
975803f1-99bc-4f18-ad28-d4b3d1eaf859,storeworker.net,available,,,high,high,11,,,,
713e7574-2292-4e05-b723-e26e4adff47b,rem.net,resell,,,high,low,3,Dynadot Inc,12/10/1997 04:00,11/10/2027 04:00,01/10/2026 03:15
39b5cd3a-ed34-4755-9152-6612a2ce85f0,backaroma.net,available,,,low,low,9,,,,
916a8182-2f82-4d16-86d8-18b192f0ed2f,topically.net,available,15.95,15.95,medium,low,9,namesilo,,,16/09/2026 09:16
24fa706d-5893-496e-aaa8-610e9258120b,reacquisition.net,available,,,high,high,13,,,,
f2d73d1c-e40f-4a5b-8aae-e823cf257deb,expansionless.net,available,,,medium,low,13,,,,
5a832b9f-f024-4476-8a35-cd40697c1045,adlumia.net,available,12.48,18.58,medium,low,7,namecheap,,,17/09/2026 08:37
31f2398b-5040-4540-a9d8-b39ce32cc097,mainframes.net,resell,,,high,low,10,Dynadot Inc,07/08/2025 03:02,07/08/2027 03:02,26/09/2026 07:23
ad65043d-18d3-4884-ad01-df691fdee7bd,federalization.net,available,,,medium,low,14,,,,
0dddc38e-d988-4abe-ab3e-72076f1de3c5,leucaniline.net,available,,,medium,low,11,,,,
209ff72b-58df-4c92-a360-52011909c93b,screwball.net,resell,,,medium,low,9,"NameSilo, LLC",10/01/2003 05:31,10/01/2027 05:31,26/09/2026 08:52
d819283b-6bf3-46d1-b54b-97b9b00bbe96,nonspanish.net,available,,,high,high,11,,,,
6c4cb6cf-0cd0-4bfd-bd0f-fc5c8bba39af,gorlois.net,available,,,high,high,7,,,,
51e57a33-d59e-4861-b188-34032a67abf2,prolonging.net,available,,,high,high,10,,,,
1c4a9bb7-a665-40c5-82c6-85bdf4aefeaf,transliterates.net,available,,,low,low,14,,,,
cad95580-52a7-4af5-9c02-a9c7ea59dbc7,bantam.net,resell,,,high,low,6,Dynadot Inc,30/08/2025 18:33,30/08/2027 18:33,26/09/2026 04:15
e376494e-2b1d-4f19-8f5d-154c6972a84d,shirtlessness.net,available,,,medium,low,13,,,,
1f435cb1-244b-49e9-a7cf-ae92ea367d0a,taigas.net,available,,,medium,low,6,,,,
94a6c097-aaa0-42ba-bafc-fcc56dcc7f56,absolutists.net,available,,,medium,low,11,,,,
848a01c3-e0a7-4f95-94f5-2e562fb53fd2,canyon.net,resell,,,high,low,6,"GoDaddy.com, LLC",24/06/1997 04:00,23/06/2027 04:00,28/09/2026 05:22
181f8fc3-14d7-4f99-a268-b23e4f44e47e,passata.net,available,,,high,low,7,,,,
c437860e-3794-47a7-ba07-bd60af2d55f9,deodourise.net,available,,,high,high,10,,,,
c2a5ba65-82f0-443b-9eb7-8318399a316a,endearing.net,resell,,,high,low,9,"TurnCommerce, Inc. DBA NameBright.com",19/05/2017 18:49,19/05/2027 18:49,26/09/2026 05:50
e1849fb7-7304-4aa9-9de0-baa281d46a9d,parade.net,resell,,,high,low,6,"GoDaddy.com, LLC",05/03/1999 05:00,05/03/2027 05:00,26/09/2026 08:01
f2ce8be4-5778-4391-8733-43bcc014115e,speechlike.net,available,,,high,high,10,,,,
89d8b0a2-788a-4918-a035-a48269c1d727,princes.net,resell,,,medium,low,7,Squarespace Domains II LLC,30/06/2001 10:40,30/06/2027 10:40,29/09/2026 10:59
28e7933a-8e7d-48ff-8b61-9a7d498903b6,sternwheeler.net,available,,,high,high,13,,,,
eaf4284f-2bc7-4397-9d84-cbfc187eb926,comalapa.net,resell,,,high,high,8,"NameCheap, Inc.",04/05/2000 01:45,04/05/2027 01:45,26/09/2026 05:07
418da6a9-f15f-45ce-a943-6abe87e3b7a4,yellowknifer.net,available,,,high,high,12,,,,
dbdfa4b1-acdf-4222-9430-22e3630f8f43,commoditise.net,available,,,high,high,11,,,,
7881dad0-8d7a-4679-831c-a6b32a09accd,unseasoned.net,available,11.98,18.58,medium,low,10,namecheap,,,12/09/2026 18:46
fc99f812-16d5-4c0d-a072-b3f492ac5bad,monotile.net,available,,,high,high,8,,,,
6bc00eed-d4ce-4946-8be1-a59c6ff44e12,venezuelan.net,resell,,,high,low,10,GoDaddy Online Services Cayman Islands Ltd.,03/04/2000 10:47,03/04/2029 10:47,26/09/2026 09:57
7ee01180-afe5-4d9e-8914-3d9e7ad78519,nonworkday.net,available,,,high,high,10,,,,
7358c29c-63fa-4e1b-978b-bbd15577c43f,mahmoud.net,resell,,,medium,low,7,,,,29/09/2026 04:11
73f40d24-cc71-4d08-bd48-217db4b33ca9,sapiosexual.net,available,,,high,high,11,,,,
4511f591-ba53-4e5a-b4ee-818265d6ac4f,taliswoman.net,available,,,high,high,10,,,,
2416536c-9e19-45e4-aaf1-b93aa21ff132,valving.net,available,,,medium,low,7,,,,
6bfab46f-bd52-4680-954b-1291a0e64af0,doric.net,resell,,,medium,low,5,Dynadot Inc,01/04/2022 18:02,01/04/2027 18:02,26/09/2026 05:39
9836af1e-42e7-496d-bc4b-a439a389354c,unsuspecting.net,available,,,high,high,12,,,,
86f5e165-a862-4651-b3fe-a8b90ae051dc,arteriolovenous.net,available,,,medium,low,15,,,,
27aa2b15-79fd-47ec-bb9a-bc3663b79b5d,queenward.net,available,,,high,high,9,,,,
a3c22a47-c0db-41d5-8c03-d18650ded99a,guardienne.net,available,,,high,high,10,,,,
2c9b8031-d8c8-4a41-bbd9-f971423d1f41,extermination.net,resell,,,medium,low,13,,,,29/09/2026 23:26
2862afbc-460f-4f31-acdb-57e36f75ef0d,tactless.net,available,11.98,18.58,medium,low,8,namecheap,,,11/09/2026 07:02
a0dc0149-18e5-4517-ad2c-8e9f2c13652b,dusts.net,resell,,,low,low,5,Dynadot Inc,24/01/2026 19:00,24/01/2027 19:00,26/09/2026 05:43
9468562b-4e48-4863-a22a-03957d4eb784,blastema.net,available,12.48,18.58,medium,low,8,namecheap,,,24/09/2026 04:21
35e4a4ba-da17-4369-add9-239ed81021ad,carbondale.net,resell,,,high,high,10,Dynadot Inc,02/03/2021 19:01,02/03/2027 19:01,26/09/2026 04:46
f110c5d8-f6f7-4fd4-994a-21d389f25b7a,cheap.net,resell,,,high,low,5,"GoDaddy.com, LLC",21/04/1998 04:00,20/04/2028 04:00,26/09/2026 04:53
b811b9c1-091d-40f2-83de-1f8702953596,couchmaking.net,available,,,medium,low,11,,,,
8ce9c7e4-3d1f-4758-be24-7e3e0367c28b,entrusted.net,resell,,,medium,low,9,,,,29/09/2026 16:07
73fca9c6-e7b0-4ee3-8198-ba9085366f96,unwinded.net,available,,,high,high,8,,,,
991b8088-efc0-4d73-af03-976b8781ea2b,midwestern.net,resell,,,high,low,10,"GoDaddy.com, LLC",07/04/1998 04:00,06/04/2027 04:00,26/09/2026 07:33
a51b72b1-d1ad-41b4-ab9f-3cc8e524e6f4,busfares.net,available,,,medium,low,8,,,,
fd84cf01-cdda-4a4e-a82d-fa781fb4aebe,drawings.net,resell,,,medium,low,8,"Sav.com, LLC",08/05/2002 18:07,08/05/2027 18:07,28/09/2026 13:09
b5272c93-c2b1-49ad-b85b-e6672ca580f9,psychologylike.net,available,,,high,high,14,,,,
dc4d17fa-19f5-4222-add7-0672105b60b3,nukus.net,resell,,,high,high,5,"GoDaddy.com, LLC",01/04/2010 18:46,01/04/2027 18:46,26/09/2026 07:50
2c2608ea-e6b9-4ac7-951f-47d13cc1cefe,orangewood.net,resell,,,high,high,10,"GoDaddy.com, LLC",22/07/2005 18:15,22/07/2027 18:15,26/09/2026 07:56
d33c141c-8548-43ad-81d2-513672d84460,hymnical.net,available,,,medium,low,8,,,,
64b51165-db7e-4f25-9410-1c9ca841fe9e,supermicrocomputer.net,available,15.95,15.95,high,high,18,namesilo,,,25/09/2026 14:30
34628f57-696f-4585-b320-9d46697aee9c,twenty.net,resell,,,high,low,6,"GoDaddy.com, LLC",11/04/1998 04:00,10/04/2027 04:00,26/09/2026 09:49
214dbd24-e133-46f7-87ae-d98e1620eea9,okr.net,resell,,,high,high,3,"GoDaddy.com, LLC",06/02/2000 01:13,06/02/2027 01:13,26/09/2026 07:52
37fe40ef-c114-4a2b-ad1e-10fd69402acd,prowhite.net,resell,,,high,high,9,"TurnCommerce, Inc. DBA NameBright.com",28/04/2017 18:31,28/04/2027 18:31,26/09/2026 08:24
07b7c820-2377-4c5c-b613-7b0dcbbe00cd,reginan.net,available,,,high,high,7,,,,
880f0042-389c-4f20-921d-7577a38ed429,precooked.net,available,11.98,18.58,high,medium,9,namecheap,,,09/09/2026 01:17
5bd378fe-b0af-4d89-83f9-e7b24a0ebea2,elizabethville.net,available,,,high,high,14,,,,
e079e018-08a4-4eda-bd1a-81512622d028,mawr.net,resell,,,medium,low,4,,,,28/09/2026 21:42
2cc763af-c02e-4c71-a3d9-0529dabf0a28,sentenced.net,resell,,,low,low,9,,,,28/09/2026 17:52
68279522-bc33-4618-b622-5fe1ae219ce5,actaea.net,available,12.48,18.58,medium,low,6,namecheap,,,17/09/2026 04:11
993f2ca0-935c-4ee8-b8af-fdd6a93d7087,idealistic.net,premium,2591.69,23.99,high,low,10,Annulet LLC,26/12/1999 02:23,26/12/2026 02:23,17/08/2026 15:48
bd66c332-36c0-4eb6-9dd1-6087776c174f,committeewomen.net,available,,,low,low,14,,,,
aee5f4c8-6143-498b-9a4b-142b952bd2c7,manifestly.net,available,,,medium,low,10,,,,
68b036af-c8fe-4441-b75b-3cda012b4e95,sapodilla.net,available,15.95,15.95,medium,low,9,namesilo,,,17/09/2026 00:57
e4f22f0f-02dc-439b-b3d0-aee02b9ee9e6,abiogenetical.net,available,,,medium,low,13,,,,
4e239b05-cb2f-4157-af30-23f42f5473ce,braggart.net,available,12.48,18.58,medium,low,8,namecheap,,,11/08/2026 01:16
685ed37e-5756-46b6-bbf9-4b30c4647a79,palaeontology.net,available,15.95,15.95,medium,low,13,namesilo,,,25/09/2026 12:42
bb031bd0-f3b4-4771-9420-538829e5facc,manxness.net,available,,,medium,low,8,,,,
8d458b01-9903-4b4f-b9fd-c315ee745735,elasticization.net,available,,,medium,low,14,,,,
8e905090-569d-49aa-a8b3-59d3f2a27491,subinternship.net,available,,,high,high,14,,,,
9910edfa-8e21-4d92-96e2-6be6ee324b8a,prescribed.net,resell,,,high,low,10,Above.com Pty Ltd.,01/08/2005 18:15,01/08/2027 18:15,26/09/2026 08:18
380191b1-e611-438c-85b6-08379785713c,unwto.net,available,,,high,high,5,,,,
89b3677c-045f-45e5-87e3-1fee19f9f1ac,versifying.net,available,,,high,high,10,,,,
09258aec-75a5-44ed-8f24-bf4fd0cdf568,leaving.net,resell,,,high,low,7,"GoDaddy.com, LLC",28/12/2002 06:03,28/12/2026 06:03,26/09/2026 07:11
8fa6370c-b122-48c4-a4c7-3c38a7086ce2,yahya.net,resell,,,medium,low,5,,,,30/09/2026 13:53
94ef5d1c-9c76-450a-b9f3-4e39af156f82,novoazovsk.net,available,,,high,high,10,,,,
598c63db-0452-4fe9-9f1c-fb7c71ec9855,salzburger.net,resell,,,high,high,10,"GoDaddy.com, LLC",12/06/1997 04:00,11/06/2027 04:00,26/09/2026 08:48
6f6efc64-f7fd-4172-bfa2-5279facd5140,presentably.net,available,,,high,high,11,,,,
848a1f6b-b99a-4ee3-94fb-9b864fea805b,chimpcongo.net,available,,,low,low,10,,,,
e0952877-3404-4b7a-a1c5-d3259fb23ed7,nicosian.net,available,,,high,high,8,,,,
250415be-8526-4835-80de-c5f014f0741b,emulsify.net,resell,,,high,high,8,Dynadot Inc,25/07/2002 09:35,25/07/2027 09:35,26/09/2026 05:49
e7137bf2-6554-43f2-92a3-2dd83ae3c795,fruitfully.net,available,11.98,18.58,high,low,10,namecheap,,,14/09/2026 20:27
698a04e0-a86a-4285-9736-a0332ee58ff2,alir.net,resell,,,medium,low,4,"GoDaddy.com, LLC",05/08/2025 18:29,05/08/2027 18:29,26/09/2026 03:47
41f7d9e8-3c00-41b5-becd-0f3b95e93682,uninsured.net,resell,,,high,low,9,"GoDaddy.com, LLC",11/07/2004 18:16,11/07/2027 18:16,26/09/2026 09:51
8907c3e6-d085-4592-a370-cb9e69eecbfd,appreciated.net,resell,,,high,low,11,"Sea Wasp, LLC",29/06/2004 18:27,29/06/2027 18:27,28/09/2026 07:22
ed2fb592-19df-4a7f-8e82-8ee33cdbc9d1,jamaican.net,resell,,,high,low,8,GoDaddy Online Services Cayman Islands Ltd.,16/11/1999 11:54,16/11/2029 11:54,26/09/2026 06:59
de18d620-f8e8-48ed-ade2-2320ae964ae2,infiltration.net,resell,,,medium,low,12,,,,30/09/2026 23:19
00fac72e-1ea9-433f-998b-af66e002cb65,fanged.net,available,12.48,18.58,medium,low,6,namecheap,,,17/08/2026 22:05
8a8d5e4f-6e7c-4257-8981-a0a0c0119cb4,reported.net,resell,,,high,low,8,"GoDaddy.com, LLC",02/08/2003 18:28,02/08/2027 18:28,27/09/2026 11:56
847bb5a7-06ad-4b53-aefd-8762f8e5a71f,chair.net,resell,,,high,low,5,"NameSilo, LLC",01/10/2002 18:01,01/10/2027 18:01,26/09/2026 04:50
f0a85dfb-a794-412a-b8e4-c41619c620f2,acinic.net,available,12.48,18.58,medium,low,6,namecheap,,,
e080fea4-16bb-44d2-ad6d-6dea127797d7,causal.net,resell,,,high,low,6,"TurnCommerce, Inc. DBA NameBright.com",20/07/2012 18:49,20/07/2027 18:49,26/09/2026 04:49
6bf80dba-24c1-4a5f-b04f-c0aac9d9f3e7,diterpene.net,available,,,high,high,9,,,,
1d6262b4-9197-41c8-9674-be05f8de1afd,arrack.net,available,12.48,18.58,medium,low,6,namecheap,,,19/09/2026 23:47
9bb15fa5-4701-4bb3-abc2-ebeb23fecc72,musicologists.net,available,,,low,low,13,,,,
243fd0b3-9e46-485f-99ee-bdfcbc13957a,fluttered.net,available,,,high,high,9,,,,
9e3bf6fa-5937-4b5e-b547-60607022ee4d,nuchiang.net,available,,,high,high,8,,,,
8e063288-c816-4a15-96c9-80929344b106,indigen.net,available,11.98,18.58,medium,low,7,namecheap,,,03/09/2026 13:47
31abf807-7e80-438c-a3de-0df6be87c4a3,relative.net,resell,,,high,low,8,"Spaceship, Inc.",13/08/1998 04:00,12/08/2027 04:00,26/09/2026 08:35
24b412ff-1b3a-43f1-bd1f-0e347810c5d1,horselaughter.net,available,,,medium,low,13,,,,
78da1350-7c48-424f-bad2-f472b6072e39,encumbered.net,available,12.48,18.58,medium,low,10,namecheap,,,17/08/2026 00:40
2b135073-e41d-4ed5-af79-07993378852d,viatical.net,available,11.98,18.58,medium,low,8,namecheap,,,13/09/2026 05:03
a678456f-6cce-4e67-a5d9-813aaae5c128,destruction.net,resell,,,medium,low,11,,,,27/09/2026 02:03
fc58d1e7-de6d-4d99-812b-ef74a9d41df9,reinforcing.net,resell,,,high,high,11,"Sea Wasp, LLC",08/12/1998 05:00,07/12/2026 05:00,26/09/2026 08:34
18a1010c-f503-4657-b93b-bfd33ba5d6a1,lionhearted.net,resell,,,high,high,11,Dynadot Inc,19/01/2018 21:11,19/01/2027 21:11,26/09/2026 07:15
ed50e1e9-d626-4c6c-9d06-3d394ee6b8ae,ane.net,resell,,,high,low,3,"GoDaddy.com, LLC",06/03/2000 11:51,06/03/2030 11:51,26/09/2026 03:52
a2d33f94-8822-497f-b9bf-8a8f6a00fbc8,grayly.net,available,11.98,18.58,medium,low,6,namecheap,,,14/09/2026 22:14
9508cebe-dbb0-44db-8542-4ae9e41df773,mastlike.net,available,,,high,high,8,,,,
d557624e-7fbd-437e-963a-76965a622a4b,biodefense.net,resell,,,high,low,10,"GoDaddy.com, LLC",16/08/2003 18:07,16/08/2027 18:07,26/09/2026 04:25
1bbc8392-b0a7-495f-80ed-dc4dbca7673a,romansch.net,available,12.48,18.58,high,high,8,namecheap,,,25/09/2026 13:38
868384dc-125a-4b0c-b51e-a767400ee4bc,alvarado.net,resell,,,medium,low,8,"GoDaddy.com, LLC",15/01/1998 05:00,14/01/2027 05:00,28/09/2026 16:06
e731bff2-780c-403e-9e0e-f05fab412a06,derain.net,available,15.95,15.95,medium,low,6,namesilo,,,19/09/2026 04:09
c5366412-6ff8-46f9-881e-4b45342445d3,nipple.net,resell,,,high,low,6,"GoDaddy.com, LLC",18/04/1998 04:00,17/04/2027 04:00,30/09/2026 02:11
ee9246e6-67dd-47d1-a1e1-47823207914d,rosaceous.net,available,11.98,18.58,high,medium,9,namecheap,,,09/09/2026 18:39
8134034b-08b2-492a-a07c-fb62f26fe84b,crossfile.net,available,,,high,high,10,,,,
d23b93a9-f81b-41ad-9040-bcf06fcfd3a5,popularized.net,available,,,medium,low,11,,,,
5d54c558-48d6-43e8-aa8c-b34de39f7db4,rated.net,resell,2516.2,23.99,high,low,5,"GoDaddy.com, LLC",19/06/2001 10:57,19/06/2027 10:57,26/09/2026 08:30
cbd52e61-ef99-40f3-a46e-be31352ebde0,mobisode.net,available,,,high,high,8,,,,
5abd8b1c-1e70-43e6-8475-b653391e8072,sceptically.net,available,,,high,high,11,,,,
f5f3eaa7-bf4c-43ec-be71-b029d6dd54e0,former.net,resell,,,high,low,6,"Megazone Corp., dba HOSTING.KR",02/12/1999 13:57,02/12/2026 13:57,26/09/2026 06:12
1508d51f-e01f-411b-ba8d-9eb1076e9f84,holdalls.net,available,,,low,low,8,,,,
35b06257-934b-41c6-847e-11acf4ea9bbe,diwali.net,resell,,,high,low,6,Dynadot Inc,01/07/2025 18:21,01/07/2028 18:21,26/09/2026 05:37
598d994a-aed9-42a4-9808-116134dcaf69,pyrrole.net,available,,,high,high,7,,,,
c46835f5-8fd3-4af0-a78c-4e9d5ad461f1,softwire.net,premium,,,high,high,8,Annulet LLC,05/05/2003 18:07,05/05/2026 18:07,
70ffc31d-e6be-49cf-bc22-c0c8468c55c1,typewheel.net,available,15.95,15.95,high,high,10,namesilo,,,25/09/2026 15:01
89a53146-ad73-4920-a897-7b5ff8b409de,periwinkles.net,available,,,medium,low,11,,,,
ff63d4bf-29c8-4e19-bc46-f83d7ec0fd2d,monounsaturate.net,available,,,high,high,14,,,,
9973393d-d140-426f-9737-7f77dc395528,veritable.net,premium,,,high,high,9,Annulet LLC,08/09/2003 18:06,08/09/2025 18:06,
61cc8a92-b268-4ee1-8b0f-385d0cffc500,centroids.net,available,,,medium,low,9,,,,
4a42258d-d0bf-488f-a4f8-3c77230f3b83,prefatory.net,available,11.98,18.58,high,medium,9,namecheap,,,09/09/2026 01:35
cb374b04-cb59-4b5e-9239-9f382ca86f96,moshe.net,resell,,,medium,low,5,,,,28/09/2026 12:12
0197dc68-43dd-44f4-bfd9-e84a7dfbe395,candlepower.net,resell,,,high,high,11,"GoDaddy.com, LLC",27/11/1999 23:31,31/12/2026 11:59,26/09/2026 04:44
ecb6cd69-dae6-4d1f-a9a8-57129fd531d2,standhill.net,available,,,high,high,9,,,,
f2830a31-a622-47c7-9b98-7421f462aad8,distress.net,resell,,,high,low,8,"GoDaddy.com, LLC",27/02/2021 19:23,27/02/2027 19:23,29/09/2026 16:17
7176c1c8-7a1d-4bda-82ff-a419eba5699d,ridesharer.net,available,,,high,high,10,,,,
1a0a0479-bd34-4e4a-9040-0ba2cf0f1991,regrew.net,available,,,medium,low,6,,,,
56b52168-4baf-4a0f-bf3e-c02cf41781b4,cominform.net,available,,,high,medium,9,,,,
c9b8ce1c-0412-471e-bfb6-241acc1eac69,metallic.net,resell,,,high,low,8,"Gabia, Inc.",30/06/2001 11:02,30/06/2027 11:02,26/09/2026 07:31
70c822c5-f18d-40a2-8f17-5d8b05f5a0ae,surmisable.net,available,11.98,18.58,high,medium,10,namecheap,,,09/09/2026 01:47
a35ec04e-6ea8-47d4-adff-cf919e666a67,olden.net,resell,,,medium,low,5,"Spaceship, Inc.",03/03/2020 19:49,03/03/2027 19:49,26/09/2026 07:52
4b5f3e7f-4b6c-4791-8365-c3edf74f7d1f,golosh.net,available,,,high,high,6,,,,
a916e61a-ada9-4c05-839f-bbaaebf9a9c2,marylyn.net,available,,,high,high,7,,,,
4b3de2e7-bdc6-4867-9f3c-c1f5d44384aa,hotblooded.net,available,,,high,high,10,,,,
96879b23-caa4-4b60-8711-d895714682e9,optical.net,resell,,,high,low,7,"Domain.com - Network Solutions, LLC",30/01/1997 05:00,31/01/2027 05:00,26/09/2026 07:55
41e7a480-892f-451f-b464-3149c491c92a,highhandedness.net,available,,,high,high,15,,,,
0d54da15-a3cd-4e4f-8251-a5883071e3be,pervasiveness.net,available,,,medium,low,13,,,,
2d89df35-55bc-4719-9721-90280b3e78a8,synovial.net,available,11.98,18.58,medium,low,8,namecheap,,,11/09/2026 06:37
687dd206-adaf-4c4e-99d3-90d43b568b05,stalham.net,available,,,high,high,7,,,,
b9688b98-630d-4c09-82c1-91e763f28591,galeopsis.net,available,,,high,high,9,,,,
381d8c84-cfb8-4de4-94aa-1a8cd1dc8ffd,conf.net,resell,,,high,high,4,Dynadot Inc,30/11/1995 05:00,29/11/2026 05:00,26/09/2026 05:11
26e45ddf-2f76-402b-83b0-381d2248dc8e,edgeways.net,available,11.98,18.58,medium,low,8,namecheap,,,14/09/2026 15:04
5be94a72-cb65-4885-9950-0cfde5d8ed68,hymnologically.net,available,,,low,low,14,,,,
915262ee-b51b-4b65-b801-938741a03787,extremely.net,resell,,,high,low,9,"NameSilo, LLC",22/04/1999 04:00,22/04/2027 04:00,27/09/2026 02:51
590467a3-a7a9-42b6-b111-9c25d9a931ca,closetwork.net,available,,,medium,low,10,,,,
e6a9c2e0-ddc0-4e37-a915-d0de6421ad8a,cherubimical.net,available,,,high,high,12,,,,
b48e3e74-f80f-4bce-8c94-466dd8873317,kernel.net,resell,,,high,low,6,"NameCheap, Inc.",11/01/2000 13:40,11/01/2027 13:40,26/09/2026 07:04
09f6dcf9-788f-412d-a4ca-436a8227fe04,gorgie.net,available,,,high,high,6,,,,
25f24d4e-bdc4-4cb4-b24e-8adb8727f86c,paycheck.net,resell,,,high,low,8,"GoDaddy.com, LLC",29/03/2004 19:33,29/03/2027 18:33,30/09/2026 10:49
fcbe7a0a-8bb1-447b-8f53-8c926c472b76,crackling.net,resell,,,high,low,9,Dynadot Inc,04/07/2021 03:33,04/07/2027 03:33,26/09/2026 05:18
c5708fc8-0c45-4fb6-a8b9-85e374b1c34e,graveyard.net,resell,,,high,low,9,,,,28/09/2026 01:14
9ce754d8-076e-46ac-9557-87a251ed47ec,kirmancki.net,available,,,high,high,9,,,,
71ef6cdc-b26f-433b-8d9f-20c38578935a,truckish.net,available,,,high,high,8,,,,
a19302e8-504f-4dd3-b712-aa9985201ad8,favored.net,resell,,,high,low,7,Dynadot Inc,06/01/2021 19:14,06/01/2027 19:14,26/09/2026 06:02
d741e6db-f8c3-4936-b8b6-749a6752cbed,promulgates.net,available,,,medium,low,11,,,,
2c021c32-a495-4c86-92e6-b646ba31cb69,excepting.net,available,,,high,medium,9,,,,
f8cf481b-e4e8-484b-aa56-d22829057bc4,invigilance.net,available,,,medium,low,11,,,,
f48530b4-2770-45d0-a317-00cc681a19e6,finalizations.net,available,,,low,low,13,,,,
0abd908c-cc0a-4bb6-a42f-f83d3232b3fc,reinitialize.net,available,,,high,high,12,,,,
06716602-93da-4f7e-8057-df70fbd5defc,intimate.net,resell,,,high,low,8,Atom.com Domains LLC,09/08/2000 10:45,09/08/2027 10:45,26/09/2026 06:56
22c3a644-c711-4ff6-81c9-65dcd6868c2b,disarmer.net,available,11.98,18.58,high,low,8,namecheap,,,04/09/2026 22:39
410e71ea-bc88-4081-a735-f79371010b27,podcastable.net,available,,,high,high,11,,,,
2e53830d-bdda-4eab-ac71-5586fe547a3c,ambush.net,resell,,,high,low,6,"TurnCommerce, Inc. DBA NameBright.com",18/06/1998 04:00,17/06/2027 04:00,26/09/2026 03:50
8caf7d94-385b-4ea5-8109-39eb671ddb88,billpayer.net,available,,,high,high,9,,,,
c195789d-9149-4f92-a762-7f9100d5c67a,unlivable.net,available,11.98,18.58,medium,low,9,namecheap,,,12/09/2026 14:57
4a230fc4-f026-4bc4-99f3-172c76b93d25,epileptic.net,resell,,,high,low,9,Dynadot Inc,27/08/2024 18:18,27/08/2028 18:18,26/09/2026 05:52
08e0abb0-a4cf-48a7-ac87-676378fc6290,jetting.net,premium,5789.84,23.99,high,low,7,Annulet LLC,02/04/2024 18:18,02/04/2027 18:18,22/08/2026 13:09
eb89b37a-f91d-4baf-9f2c-dd5a74881283,milkshake.net,resell,,,high,high,9,Dynadot Inc,21/01/1999 05:00,21/01/2028 05:00,26/09/2026 07:33
48665880-3043-4aa8-b2af-57d75ddc03c0,authorised.net,resell,,,high,low,10,"GoDaddy.com, LLC",03/04/2004 19:34,03/04/2027 18:34,26/09/2026 04:09
1da4c749-e89c-4fe0-96c8-dacd5ab32b83,coolio.net,resell,,,high,medium,6,Dynadot Inc,22/10/2002 22:28,22/10/2027 22:28,26/09/2026 05:14
ea460397-e4bc-4c44-ac12-4a5b283b4c57,soilborne.net,available,,,high,high,9,,,,
5d8083dc-9b36-47a4-a849-8a0378a476ed,tellurium.net,resell,,,medium,low,9,"Gabia, Inc.",29/09/2025 18:20,29/09/2027 18:20,26/09/2026 09:33
22c43d8c-0838-40e3-b981-503035997af2,functionary.net,available,,,high,high,11,,,,
99628fbf-a6af-4cd6-b1f0-92e1844ad0dc,policyholder.net,available,,,high,high,12,,,,
6f051afa-9417-417e-8e5a-49982183c891,tossing.net,available,12.52,12.52,high,low,7,dynadot,,,30/09/2026 03:58
cb128ae4-182e-452c-a4a4-4f718867cfb1,punchproof.net,available,,,high,high,10,,,,
91af4639-79f0-4aa2-9110-4dea583fc0c1,gallantly.net,available,11.98,18.58,high,low,9,namecheap,,,14/09/2026 06:45
4dedc005-d948-4de0-b80c-8549ae0c1f3b,alderfly.net,available,15.95,15.95,medium,low,8,namesilo,,,18/09/2026 04:32
fec52d0f-1bb5-4f70-b531-9a74b5dea5b8,boots.net,resell,,,high,low,5,"Network Solutions, LLC",22/12/1997 05:00,21/12/2027 05:00,01/10/2026 02:10
a59e273c-b609-4026-a3b1-5aa5d8e8de5a,whittener.net,available,,,high,high,9,,,,
ea093a33-b4dc-431e-b190-224db94e9674,fingerless.net,available,12.48,18.58,medium,low,10,namecheap,,,18/08/2026 04:55
9b0563ea-45a3-4714-be7d-604bdf80df6b,lao.net,premium,21425.24,23.99,high,low,3,Annulet LLC,25/03/1996 05:00,26/03/2027 04:00,22/08/2026 19:34
870e75d1-a125-44aa-8c56-a9b8c0d67367,evanston.net,resell,,,medium,low,8,,,,28/09/2026 08:11
0cf01f85-c62e-48d8-9781-13a5e14d8f86,playland.net,resell,,,high,high,8,"GoDaddy.com, LLC",05/08/2002 20:08,05/08/2027 20:08,26/09/2026 08:12
22a72158-1cfb-44bc-9a67-8d90cdefad68,unchangeable.net,available,,,high,high,12,,,,
e37f0696-c0cf-4893-98f0-f72ec46fa6ef,abscessed.net,available,,,medium,low,9,,,,
6736dc14-a82f-4ef6-b0ea-99705140ad3c,demystify.net,premium,,,high,high,9,Annulet LLC,16/12/2004 19:05,16/12/2025 19:05,
d10932b3-418c-4ad3-bf8a-77a358f7b2ca,choline.net,resell,,,high,high,7,Dynadot Inc,30/07/2002 01:42,30/07/2027 01:42,26/09/2026 04:55
89006667-16b5-4adb-a711-2ae353d7abd9,sultrily.net,available,11.98,18.58,medium,low,8,namecheap,,,16/09/2026 01:00
6216d3cd-a817-409e-a992-7b28e9a10ba7,wooly.net,premium,4723.79,23.99,high,low,5,Annulet LLC,04/06/1999 14:37,04/06/2027 14:38,18/08/2026 08:45
b0810ebd-fc9b-46db-9679-3a248cc16e8a,whippet.net,resell,,,high,high,7,"GoDaddy.com, LLC",29/01/1999 05:00,29/01/2027 05:00,26/09/2026 10:08
2c5b7921-da34-4faf-ba6e-65766117e1f4,nonwartime.net,available,,,medium,low,10,,,,
bf041d89-34a3-4fce-9f03-33503541921b,batchable.net,available,,,high,high,9,,,,
e7832602-a38e-44aa-840f-1dd9968f8046,teen.net,resell,,,high,low,4,"Sea Wasp, LLC",31/10/2000 11:35,31/10/2027 10:35,26/09/2026 09:33
c54a538b-b2f2-4088-a237-6c09225aae69,starlet.net,resell,,,high,high,7,Dynadot Inc,23/03/2003 19:05,23/03/2027 18:05,26/09/2026 09:16
72b94879-1ea1-4d2b-a26e-f63d765f4668,unredeemed.net,available,11.98,18.58,medium,low,10,namecheap,,,12/09/2026 17:55
fdc33083-307a-4858-9c78-658d5934f0c4,continualness.net,available,,,medium,low,13,,,,
cfbd4702-dc5a-4115-bcb8-2a61b2da74a0,customerlike.net,available,,,high,high,12,,,,
e0795f95-57a2-4107-8e7a-f76165ee5ad0,cybertutor.net,available,,,high,high,10,,,,
0054d007-250b-465e-bd9e-f952753d2283,selfacting.net,available,,,high,high,11,,,,
43076abe-d0cb-44ba-8d0d-eb699a9b8987,selfsatisfied.net,available,,,high,high,14,,,,
fe0ed18c-361d-4c0c-ae47-63cead039c6f,reinitialise.net,available,,,high,high,12,,,,
953f6ce8-1c93-4cf8-a2df-8fcfceca8229,liberate.net,resell,,,high,low,8,"GoDaddy.com, LLC",26/04/1997 04:00,27/04/2027 04:00,26/09/2026 07:13
1e93576e-c224-48e2-a14f-2240dc5cf2b1,cannelloni.net,available,,,high,high,10,,,,
dd882072-a85e-4606-a2a5-114587af222e,tireless.net,premium,4249.99,23.99,high,low,8,Annulet LLC,27/11/2006 13:28,27/11/2026 13:28,21/08/2026 00:49
e56155cb-94b9-4f72-890d-7f69ee8046b9,gametocyte.net,available,,,high,high,10,,,,
808d29f8-e900-4089-ac91-0e0970801d1e,eyeshadow.net,premium,1762.54,23.99,high,low,10,Annulet LLC,10/06/2003 18:36,10/06/2027 18:36,
8e1c940e-6905-42b9-9c84-65506fe243bb,gemmed.net,premium,272.44,23.99,high,low,6,IONOS SE,06/08/2025 11:51,06/08/2027 11:51,18/08/2026 21:08
ef23c4c9-ef4d-4ef9-a3e4-051ade5424c5,fruitborer.net,available,,,high,high,10,,,,
386de3d1-4f5b-4946-bc75-f322fb582be1,soundlike.net,available,15.95,15.95,medium,low,10,namesilo,,,
886dc8ec-19e8-41a6-9296-77326d21ccf8,wrathful.net,available,11.98,18.58,medium,low,8,namecheap,,,13/09/2026 13:36
a36e99e8-c29a-46b7-a1e5-2f419bda57b2,robe.net,resell,,,high,low,4,,,,28/09/2026 06:41
c7bd2d7f-10f3-4633-bb47-a2a1eb85f2aa,furnishings.net,resell,,,high,low,11,Dynadot Inc,10/06/2001 10:39,10/06/2027 10:39,26/09/2026 06:17
420ff6c6-88d6-48b8-850b-5cf008634ce7,antibiotics.net,resell,,,low,low,11,,,,28/09/2026 13:28
9f91c2bb-e43e-4886-9767-1f5f6f095388,princessness.net,available,,,high,high,12,,,,
09cc5fe1-28cb-4498-a07f-a71710e89509,hauntingly.net,available,,,high,high,10,,,,
2971f0aa-02b3-4a1d-8d8b-2d432bfbcf15,reattempt.net,available,,,high,high,9,,,,
1f3f5cb3-c07c-48b0-a041-4f20030db67d,cyberactivism.net,available,,,high,low,13,,,,
079a1a7a-3683-4289-8887-91981e2482f8,ottowan.net,available,,,high,high,7,,,,
27622f3f-e8d7-4b4b-b4ac-49b860198bde,bucketball.net,available,,,high,high,10,,,,
c54d0614-d108-4ee8-bf02-7b640aa09b5c,accumulating.net,available,,,high,medium,12,,,,
798c8fb1-b51a-48f9-8b1a-ba0252623d04,withdraw.net,resell,,,high,low,8,"GoDaddy.com, LLC",29/05/2000 11:18,29/05/2027 11:18,26/09/2026 10:12
797bfd04-bf0a-4f0f-aa51-73244e0de661,ceylonese.net,available,,,high,low,9,,,,
5198e9be-d9c3-4bd4-b9ad-22910aad7ce3,sacredness.net,premium,,,high,high,10,"NameSilo, LLC",14/05/2023 18:06,14/05/2026 18:06,
990f7ce3-4bf3-4ecc-a11b-aa14476109b1,midapril.net,available,,,high,high,9,,,,
6f775f69-08f5-426c-ae03-dea86a98d517,likeliness.net,available,,,high,high,10,,,,
9c4a1d50-7e50-42f8-a8e9-7f795a3132d6,juicehead.net,available,,,high,high,10,,,,
8a24af28-6ec3-40bb-be10-cef8b84c0076,additionary.net,available,,,high,high,11,,,,
5ca860e8-7705-43b6-9362-690da31f76c0,carbonic.net,resell,,,medium,low,8,Dynadot Inc,18/04/2001 04:49,18/04/2027 04:49,26/09/2026 04:46
650c6e98-124d-4189-a114-2ab397a5693c,resharpen.net,available,,,high,high,9,,,,
3a53e315-2b68-4b17-8ded-4ff4fe291fb7,basementward.net,available,,,medium,low,12,,,,
2ff53009-f895-4067-b161-92a6c3b3a065,regulate.net,resell,,,high,low,8,"Gabia, Inc.",09/08/2000 10:52,09/08/2027 10:52,30/09/2026 11:03
da908903-bbd9-456c-b9ff-2949e5322be7,nonblasphemous.net,available,,,low,low,14,,,,
a553689f-b10b-4070-80a5-7a25c588d6a2,cophine.net,available,,,high,high,7,,,,
0783d7e1-3ffb-4b73-9d9f-0662327c05af,viziers.net,available,,,medium,low,7,,,,
e5449b16-8f15-4dce-84cd-d3a4aa66ec00,electrically.net,resell,,,high,high,12,Dynadot Inc,15/08/2017 18:47,15/08/2027 18:47,26/09/2026 05:47
c1138cde-3f61-4aa0-a3ec-2f55ced0a550,footfall.net,resell,,,high,high,8,"NameSilo, LLC",22/12/2023 19:03,22/12/2026 19:03,26/09/2026 06:11
7f9da7f4-fc73-453a-99ff-ef12dc8713ca,extropic.net,resell,,,medium,low,8,"Spaceship, Inc.",29/11/2025 03:03,29/11/2026 03:03,26/09/2026 05:58
ab10aa31-841a-4a45-ba7b-b69e92aaca99,stances.net,available,,,medium,low,7,,,,
f1f413c2-fa85-408d-834b-615e551a2f93,professedly.net,available,,,high,high,11,,,,
e7c02adb-9d4c-48ca-9448-eb83fbb0ea96,lordships.net,available,,,medium,low,9,,,,
5aa026a8-29d7-4b85-a735-d1f048e64f78,forestalling.net,available,,,high,high,12,,,,
88f07a21-33e9-415e-bc78-b150cb6ef82c,strictly.net,resell,,,high,low,8,"GoDaddy.com, LLC",29/07/1998 04:00,28/07/2027 04:00,26/09/2026 09:21
ba8990a3-5fba-43c8-9471-686878d319ab,bravehood.net,available,,,high,low,9,,,,
043ae028-c34f-45e1-a6d8-c02f81cf4a1a,urhero.net,available,,,medium,low,7,,,,
33002171-9d35-4643-ae48-7138992bbada,lustful.net,resell,,,medium,low,7,"TurnCommerce, Inc. DBA NameBright.com",04/12/2015 19:52,04/12/2026 19:52,26/09/2026 07:21
2c1c7585-dc1b-4456-bdf6-aa22e349534b,fatalist.net,available,12.48,18.58,medium,low,8,namecheap,,,17/08/2026 23:29
1d13d53f-041f-413c-8ca1-eb5ede98bd28,upgraded.net,resell,,,high,low,8,,,,30/09/2026 16:15
4948a648-e194-44fd-a788-25dfcb8797eb,stilettos.net,premium,,,medium,low,9,Annulet LLC,04/11/2003 19:02,04/11/2025 19:02,
50ed05f5-cba1-4c65-9bad-bf1a30d4a8be,intrepidly.net,available,11.98,18.58,medium,low,10,namecheap,,,14/09/2026 10:53
4854d353-6f40-4226-9dd3-c11fe6f74c19,misses.net,premium,2947.04,,high,low,6,Annulet LLC,12/07/2003 18:27,12/07/2026 18:27,
53aa7ffc-05be-4a4e-aeb4-22027d1c1c9b,occasion.net,resell,,,high,low,8,Dynadot Inc,21/12/2003 19:17,21/12/2026 19:17,30/09/2026 01:05
42b47fde-313b-492e-a12c-b5a9b65e4c02,moorbird.net,available,,,high,high,8,,,,
acecd866-ee7f-4d98-b965-d6da63d7a749,kneebar.net,available,,,high,high,7,,,,
ba31c772-61ff-42ce-8cdf-e6a4c7add9e7,coffeecake.net,resell,,,high,high,10,"Sea Wasp, LLC",28/03/2003 19:12,28/03/2027 18:12,26/09/2026 05:06
a6d3dd03-dab3-4d6d-ba23-8137b19bc874,auburn.net,resell,,,high,low,6,"GoDaddy.com, LLC",28/07/2002 18:01,28/07/2028 18:01,26/09/2026 04:07
3729caf7-54b4-48d5-a4f9-818562801bac,caius.net,resell,,,medium,low,5,,,,30/09/2026 20:06
05cb9100-ea1b-4bdc-bfe7-1895c42bd025,alphavirus.net,available,15.95,15.95,medium,low,10,namesilo,,,18/09/2026 13:47
ade6c699-7cbf-4b14-a903-b77df2b3c690,unalike.net,available,11.98,18.58,medium,low,7,namecheap,,,12/09/2026 00:26
3dbca0bb-2b8e-4f75-bac2-b89b667d27d5,puerile.net,available,11.98,18.58,medium,low,7,namecheap,,,09/09/2026 05:30
085b2adc-8245-451b-ae01-e0bf9f6490b5,squeeze.net,resell,,,high,low,7,"GoDaddy.com, LLC",15/05/2000 10:48,15/05/2027 10:48,26/09/2026 09:14
94313f79-10ca-46ac-ab52-ade01aa325f2,degrees.net,resell,,,medium,low,7,"GoDaddy.com, LLC",04/05/1998 04:00,03/05/2027 04:00,26/09/2026 05:28
5f83c5c2-2283-42f1-b7e1-6fd03efee7ee,recategorize.net,available,,,high,high,12,,,,
a2149c1d-df0a-455c-aa07-c9a727130171,olympianism.net,available,,,high,low,11,,,,
eef51a63-67f5-40e8-945d-01098e744a17,dishing.net,resell,,,high,high,7,"GoDaddy.com, LLC",20/06/2025 18:21,20/06/2028 18:21,26/09/2026 05:35
511c9d60-25c3-4b12-9f35-fb1a7d02cc4c,rambo.net,resell,,,high,high,5,"OnlineNIC, Inc.",07/03/2000 09:32,07/03/2027 09:32,26/09/2026 08:29
03921724-955f-4659-bd36-5f4dc8099366,autobiographical.net,available,,,high,high,16,,,,
c57629c1-add5-4861-abb5-e01896c6d835,affections.net,available,15.95,15.95,medium,low,10,namesilo,,,17/09/2026 07:05
97b35b6d-0ee4-41cf-a3bc-ffc2a9127cca,oncomouse.net,available,,,high,high,9,,,,
b65bc7c1-6bdf-42ea-a665-b74c381781af,blowy.net,available,12.48,18.58,medium,low,5,namecheap,,,24/09/2026 08:28
c70c76e7-7902-4c81-97d3-bdbf6a00ee9d,stallionlike.net,available,,,high,high,12,,,,
4a0069f0-80a0-498b-b33d-b8f890af34ca,ballade.net,resell,,,medium,low,7,NetEarth One Inc. d/b/a NetEarth,28/02/2000 21:29,28/02/2027 21:29,26/09/2026 04:14
35ba3fc4-13d7-45bd-bf3e-2eba918bf129,tenderhearted.net,available,,,high,high,13,,,,
4135538d-6d7d-497f-9500-3b088a14661e,dreamworlds.net,resell,,,medium,low,11,Rabbitsfoot.com LLC d/b/a Oxygen.nyc,13/05/2002 18:20,13/05/2027 18:20,26/09/2026 05:41
8a85a243-e047-414e-925e-e8738c607415,alluringly.net,available,,,high,high,10,,,,
9e41460a-6125-432d-bc94-d62d0d8d6e95,manifested.net,resell,,,medium,low,10,,,,30/09/2026 06:51
49729dca-1ad3-4bd5-9e5d-05837cebba59,avalokiteshvara.net,available,,,high,high,15,,,,
0a003fb1-df0b-4600-8bb6-ae48066ddf7b,naturalisation.net,premium,,,high,high,14,"GoDaddy.com, LLC",21/09/2023 09:38,21/09/2025 09:38,
f3959a6e-7ae2-49f4-bd7c-d1ed2b468782,taylorism.net,available,,,high,low,9,,,,
d32fd461-b99a-4e35-9688-3cd296494d67,foregoing.net,available,,,high,high,9,,,,
61d522fa-fa56-4b4f-877e-6af374530e34,superstition.net,resell,,,high,low,12,,,,30/09/2026 14:14
9e5db89f-4bcb-4dc4-8227-773162e9bbd4,rebuff.net,resell,,,medium,low,6,"GoDaddy.com, LLC",13/06/2003 18:27,13/06/2027 18:27,26/09/2026 08:31
cc0b4e67-a8ca-4e05-9994-e786d8c346c9,ultras.net,resell,,,high,medium,6,"NameSilo, LLC",04/05/2002 18:29,04/05/2027 18:29,26/09/2026 09:50
d31f5f3b-4533-4e44-bc94-901096e3916f,differentiates.net,available,,,medium,low,14,,,,
86b65abf-6e10-424c-96b7-0613a00efb17,unrefined.net,resell,,,medium,low,9,"TurnCommerce, Inc. DBA NameBright.com",05/05/2020 18:11,05/05/2027 18:11,26/09/2026 09:53
9a970904-4b56-4d2b-9fd2-4df8c8b21ab5,obviates.net,available,,,medium,low,8,,,,
14d8f34a-863b-4e0b-947d-9ab487522b20,fanboys.net,resell,,,high,low,7,"GoDaddy.com, LLC",09/02/1999 05:00,09/02/2027 05:00,26/09/2026 06:00
39faa251-3c71-4426-a281-7f35daa0a83d,sokaris.net,available,,,high,high,7,,,,
8f7f9c4c-ba80-4ed4-8940-fc37af35550d,thatcherite.net,available,,,high,high,11,,,,
fd43b67c-19b4-4d04-8e3e-5d0edd006b48,explanative.net,available,,,high,high,11,,,,
75ec9a59-f8d6-407c-ad9a-fc9558791cf4,selfgiving.net,available,,,high,low,11,,,,
1b30bcf0-38c2-4aba-94aa-7e26eaa1f651,jamborees.net,available,,,medium,low,9,,,,
f7bd4be3-2187-4d06-bc43-186fc2687481,wetheral.net,available,,,high,high,8,,,,
8c37e759-78df-49e7-bdd6-5c2503732f96,teacups.net,resell,,,medium,low,7,Unstoppable Domains Inc.,05/08/2019 20:04,05/08/2027 20:04,26/09/2026 09:32
a1c0a765-d2ec-4fa7-933a-421ae8ee13dd,pretrial.net,available,,,high,high,8,,,,
68045ef8-70ae-4ab0-98a0-ab969d2df63f,accrues.net,available,,,medium,low,7,,,,
14ee1c7d-5726-41c0-aa34-54274dbc1257,noncontaminant.net,available,,,high,high,14,,,,
7d31af89-ad97-4eca-b57c-8fe54aae6dd9,astrologically.net,available,,,medium,low,14,,,,
f154ca20-5118-4656-9faa-0fcfa38d794f,accommodate.net,resell,,,high,low,11,"Amazon Registrar, Inc.",29/12/2001 23:44,29/12/2031 23:44,30/09/2026 23:34
6f1c0ce6-a4f9-4e2e-a88e-e14cb66953cb,westernized.net,available,,,high,high,11,,,,
883854b2-8ed4-479b-854d-1e822b7df02d,unloose.net,available,12.48,18.58,medium,low,7,namecheap,,,18/08/2026 14:34
cca713e7-ae9f-4965-bd8a-c00200da03f6,caponise.net,available,,,high,high,8,,,,
b3ebef33-3348-441f-9067-fc9acbfdba42,auxiliary.net,resell,,,high,low,9,Dynadot Inc,10/01/1999 05:00,10/01/2027 05:00,26/09/2026 04:10
ce51a451-8792-44a9-9d32-3418e9cfef2f,salvadorean.net,available,,,high,high,11,,,,
46ae87ec-78e5-465f-a846-6c2a21bddd09,confusing.net,resell,,,high,low,9,Dynadot Inc,08/06/2018 18:49,08/06/2027 18:49,26/09/2026 05:11
04e5b8b1-4a0e-4c4b-8fff-e58159cdfd9d,swingeing.net,available,11.98,18.58,medium,low,9,namecheap,,,11/09/2026 05:48
ba9b0370-ad01-4651-863a-8bb6891c9004,culminate.net,resell,,,high,high,9,Dynadot Inc,06/08/2005 18:01,06/08/2027 18:01,26/09/2026 05:22
3b589201-ee94-4c79-8478-beab6e3e9439,beckett.net,resell,,,high,low,7,"GoDaddy.com, LLC",14/02/2024 19:17,14/02/2027 19:17,26/09/2026 04:19
e79c758e-bfb5-4ce4-be7f-3a7166b03b8e,trunklike.net,available,,,high,high,10,,,,
b8633cff-9e0c-4dd7-90a7-add65f332a65,cooden.net,available,,,high,high,6,,,,
ddf732b1-8092-47ad-8921-2d22af6f3e43,wheathampstead.net,resell,,,high,high,14,"NameCheap, Inc.",30/11/1999 10:00,30/11/2026 10:00,26/09/2026 10:08
31e57853-14be-404c-8f79-eeeaa82f036b,queue.net,resell,,,high,low,5,"GoDaddy.com, LLC",02/07/1996 04:00,01/07/2029 04:00,01/10/2026 03:23
5020f980-94fd-4ef0-9052-0a53ed4ca2e7,channelization.net,available,,,high,high,14,,,,
7a1c9ad8-87a0-469f-981e-39164b332735,gasahol.net,available,,,medium,low,7,,,,
a08e721c-1b02-4094-b2cd-ffe3466ac867,lecture.net,resell,,,high,low,7,,,,30/09/2026 02:40
8efcb19e-df19-4935-ab0d-c798571fafad,emollient.net,available,12.48,18.58,medium,low,9,namecheap,,,14/08/2026 01:39
62215f2b-173f-4d38-a552-84f8a6b4883d,palaeoweather.net,available,,,high,high,13,,,,
2abf47e6-99e6-4de2-bbe0-729b84efaa61,afferent.net,available,,,high,low,8,,,,
895ed372-efea-4693-a254-a0f9c5e4a77b,jolty.net,available,12.48,18.58,medium,low,5,namecheap,,,11/08/2026 09:50
cf321da1-d5a2-4471-af8c-1ca01077914b,getts.net,available,,,medium,low,5,,,,
768b3eef-acc8-4c5f-a827-0a7220a817bd,pursed.net,available,,,medium,low,6,,,,
cc994795-961c-4237-802e-842b25d39760,hungry.net,resell,,,high,low,6,"NameCheap, Inc.",17/01/2000 11:36,17/01/2027 11:36,26/09/2026 06:46
e5ead8b5-d94e-46ef-b797-6e014a9c5720,ureter.net,available,,,high,high,6,,,,
0c0b7b59-f587-44be-b4f2-d3827c90b356,coquelles.net,available,,,high,high,9,,,,
2d62e205-3e13-4229-90ec-93f03fb9bac8,carriages.net,resell,,,medium,low,9,united-domains GmbH,02/07/2000 09:37,02/07/2027 09:37,26/09/2026 04:47
9a640d5f-bba7-4f4b-8c67-74d3014e875b,semihard.net,available,,,medium,low,8,,,,
6f4d601a-94b9-43ea-b1bc-4242e38a5b6b,couches.net,resell,,,medium,low,7,Dynadot Inc,03/04/2002 15:03,03/04/2027 14:03,26/09/2026 05:16
1883a670-66bd-48a4-b922-1d69c1e3f7d7,kirkhill.net,available,,,high,high,8,,,,
7be93a85-0e79-40d2-b1a1-6c7877af7185,saccate.net,available,,,high,high,7,,,,
1245a117-c18f-4610-8fb8-0f29d40410ec,hap.net,premium,,,high,high,3,"22net, Inc.",08/05/2002 15:48,08/05/2026 15:48,
ab039867-a2c3-4141-b765-94ab54c92337,pianistic.net,available,,,high,medium,9,,,,
e8742042-5941-419b-b08a-02ddef3641a5,marble.net,resell,,,high,low,6,,,,30/09/2026 03:53
1d37f9d2-b873-4bac-82e0-dc136ee691d5,supercentrifuge.net,available,,,high,high,15,,,,
998e2f82-0f34-4d63-aed8-2033014481c8,resurfaced.net,available,,,medium,low,10,,,,
76f70472-008c-4a4b-befc-9a6653fbe997,holistic.net,resell,,,high,low,8,"GoDaddy.com, LLC",18/05/2001 10:31,18/05/2027 10:31,26/09/2026 06:41
5dc91fbd-2ae7-42c3-8f9c-ec428036ad94,mallow.net,resell,,,high,high,6,"Gabia, Inc.",27/07/2018 22:14,27/07/2027 22:14,26/09/2026 07:24
c885eeae-aa28-47c3-be44-6327f5149cf6,symbolical.net,available,12.48,18.58,high,low,10,namecheap,,,16/08/2026 09:33
acd77ced-1351-44d1-b362-a1ef2c5dffc5,zufoli.net,available,,,low,low,6,,,,
6154b30d-47af-4b7b-b8d0-dadc2c5b884b,toetoe.net,available,12.48,18.58,medium,low,6,namecheap,,,20/09/2026 12:22
2888c3ee-c0be-49f7-ab40-d4ef7989aa86,dawkinsian.net,available,,,high,high,10,,,,
7b2c9e61-9c88-4f99-beb6-3c1ac091f9dc,tonguage.net,available,,,high,high,8,,,,
b6a3d4de-f452-48c3-ad2a-fda5916f8792,weyewa.net,available,,,high,high,6,,,,
9a511a0e-d071-42ca-b553-a84be11f35f2,missionaries.net,resell,,,medium,low,12,,,,30/09/2026 15:09
49eef92a-7d28-4d4d-b20e-cd372d176817,motorsports.net,resell,,,high,low,11,"GoDaddy.com, LLC",26/06/2002 19:50,26/06/2030 19:55,26/09/2026 07:39
5c0b2291-103c-4f24-94ec-9409d20f68be,raleighan.net,available,,,high,high,9,,,,
9f88e29e-1b56-425d-87e0-01eae681cc4c,houndsberry.net,available,,,high,high,11,,,,
b97b0b3f-2e34-4df3-bffe-944f459629d1,zestful.net,resell,,,medium,low,7,Dynadot Inc,26/03/2018 18:22,26/03/2028 18:22,26/09/2026 10:17
589fef81-cd9d-4d12-90ed-e99db9fc4dda,ecosystems.net,resell,,,high,medium,10,"GoDaddy.com, LLC",29/07/1997 04:00,28/07/2027 04:00,26/09/2026 05:45
b81585f3-09ca-4117-bc60-9bee5c694211,steaminess.net,available,,,high,high,10,,,,
489ddb68-87cc-4519-bda7-199261df41e8,pondness.net,available,,,high,high,8,,,,
718ee30b-c17e-457c-83cc-b53a827ef87c,heralded.net,available,12.48,18.58,high,low,8,namecheap,,,21/08/2026 06:51
fb07421a-8f45-4be5-818b-dc87a202ab31,mariyah.net,available,,,high,medium,7,,,,
219118eb-bcf1-40cb-a453-c756a67db3c9,chocotini.net,available,,,high,high,9,,,,
23a6aa44-5b08-4779-896b-c725b25584d8,tasted.net,resell,,,medium,low,6,,,,29/09/2026 11:03
7fe17403-d6b0-4ab5-8951-eaa810825629,vowmaking.net,available,,,high,low,9,,,,
375308f3-0c0e-4950-ba69-a124c475a89b,figure.net,resell,,,high,low,6,Dynadot Inc,10/12/1998 05:00,09/12/2026 05:00,26/09/2026 06:04
bed4977a-eedd-419b-96f4-94c475e03557,friedrichshafen.net,resell,,,high,medium,15,Dynadot Inc,26/06/2003 18:01,26/06/2027 18:01,26/09/2026 06:15
6dd32e3d-1a02-42b3-a282-74115dd42d6b,allows.net,resell,,,low,low,6,Dynadot Inc,10/03/2002 10:41,10/03/2027 09:41,28/09/2026 08:44
59377519-aee3-4cea-9672-f071d029d38d,clocks.net,resell,,,high,low,6,Above.com Pty Ltd.,21/09/1997 04:00,20/09/2027 04:00,26/09/2026 05:00
0380fb34-fa60-43b2-8994-8a7351806def,recessional.net,available,,,high,high,11,,,,
d20f99f9-e912-48bc-80bd-e261a444e6b9,lactosuria.net,available,,,high,high,10,,,,
44ea1d60-ddac-470c-8ff6-c21057dd69ee,slightness.net,available,,,high,high,10,,,,
5514b5c9-a19a-4e65-9ad4-78b404f63dbe,dialogued.net,available,,,medium,low,9,,,,
1c87b9d3-2d0c-4e03-876b-db1e0c2ab752,fungoid.net,available,12.48,18.58,medium,low,7,namecheap,,,18/08/2026 18:37
d9c583e5-d1b1-4ada-9e38-3f1f42007225,unturned.net,resell,,,medium,low,8,"NameSilo, LLC",29/04/2022 18:05,29/04/2027 18:05,26/09/2026 09:53
ab62d7b6-a3ba-4d0e-b26d-be8e77859c5c,effacement.net,available,,,high,high,10,,,,
6995a7d3-eeea-430b-9bfe-64da468aec10,demeanour.net,available,,,high,high,9,,,,
af73d874-b766-40c8-abbe-a7d9cdcaffc6,leafhoppers.net,available,,,medium,low,11,,,,
426a49ff-9420-4f12-a820-c34c66560414,switcheroo.net,resell,,,high,high,10,"GoDaddy.com, LLC",17/07/2008 19:01,17/07/2027 19:01,26/09/2026 09:28
9b2a7e12-3a9f-4007-b0d7-ef3b4ea0e624,fences.net,resell,,,medium,low,6,,,,29/09/2026 11:21
8df98754-6eff-4105-9c43-36aa2dbc5afd,biovar.net,available,,,high,high,6,,,,
b616af41-32f8-4811-a501-d35cfc4290e1,weywot.net,available,,,high,high,6,,,,
a8bfd9ee-0c56-4bd1-bed8-0a46528d43d7,armorer.net,resell,,,high,low,7,Dynadot Inc,08/08/2019 23:12,08/08/2027 23:12,26/09/2026 04:01
891ab4bf-46d1-49e9-aa79-feb4dcbaa424,politician.net,resell,,,high,low,10,Dynadot Inc,17/02/1999 05:00,17/02/2027 05:00,28/09/2026 10:44
e97bdf28-979e-48b7-b076-901d980beb17,withering.net,available,12.48,18.58,medium,low,9,namecheap,,,
012afda7-4335-4e1c-a170-dbff9d37eeb6,newswriter.net,available,15.95,15.95,high,high,10,namesilo,,,26/09/2026 07:46
ee7a77b0-24fc-44a1-aa7f-b7ff5cd38a90,malaya.net,resell,,,high,high,6,Dynadot Inc,30/12/2002 02:03,30/12/2026 02:03,26/09/2026 07:24
2e92ae3e-d18f-44ab-becb-9e59cd0bcd04,barrelfish.net,available,15.95,15.95,medium,low,10,namesilo,,,22/09/2026 08:20
92228847-fead-4b52-bfba-f6d9e1110bad,advantageously.net,available,,,high,high,14,,,,
6a5a40f2-13cc-4c1f-8c41-5f4b8acf0ac8,abdicable.net,available,12.48,18.58,medium,low,9,namecheap,,,
f9b84f19-d2d2-4711-816f-a1436fceec63,antivenin.net,available,15.95,15.95,medium,low,9,namesilo,,,19/09/2026 15:16
37e764b5-a8c2-44c9-a546-6ff96f55560d,gorbio.net,available,,,high,high,6,,,,
46b88a01-4272-43ca-a059-85b4ca3d68d2,elizabethton.net,available,,,high,high,12,,,,
cad94266-f3e8-4e84-ae23-206a6977f7fc,endearingness.net,available,,,medium,low,13,,,,
06372b1e-f739-4942-a86f-30100450ec07,relating.net,resell,,,high,low,8,Dynadot Inc,03/02/2003 19:13,03/02/2027 19:13,26/09/2026 08:34
c3c08edf-e2df-4236-bdde-634a83498c79,okeechobee.net,resell,,,high,high,10,"GoDaddy.com, LLC",03/04/2001 10:47,03/04/2027 10:47,26/09/2026 07:52
8877ee01-14ae-4ad1-aaa7-2e2341082894,orchie.net,available,,,high,high,6,,,,
b082854d-74db-41e0-8e87-0069d6f3dead,outbuilding.net,resell,,,high,high,11,"GoDaddy.com, LLC",26/09/2021 23:07,26/09/2027 23:07,28/09/2026 04:43
755d2887-051e-41a9-b151-716bc914675d,kaleidoscope.net,resell,,,high,high,12,GoDaddy Online Services Cayman Islands Ltd.,08/05/1997 04:00,09/05/2027 04:00,26/09/2026 07:03
170a3c21-6b2e-4261-9f53-3381a4fc360a,agnatha.net,available,12.48,18.58,medium,low,7,namecheap,,,17/09/2026 18:31
61f23476-33f3-41dd-85c7-672495160f8e,lovebirds.net,resell,,,high,medium,9,Porkbun LLC,06/11/2001 00:19,06/11/2028 00:19,26/09/2026 07:19
e167e792-179b-4027-8ce6-434c994c0e94,exhausting.net,resell,,,medium,low,10,"Network Solutions, LLC",28/01/2022 19:23,28/01/2027 19:23,26/09/2026 05:56
2edf9b7f-3d7e-47fb-8d43-dfbcc5463be5,hillward.net,available,,,medium,low,8,,,,
08180f9e-9983-4533-a781-a25b7c7b430d,assertions.net,available,15.95,15.95,medium,low,10,namesilo,,,24/09/2026 08:22
0fb14750-f708-47f7-9cda-28f6888657b0,centroaffine.net,available,,,medium,low,12,,,,
1c4d8186-14ba-4fd8-81a6-6e6ec3340288,microturbine.net,available,,,high,medium,12,,,,
95a8cd76-0b07-4824-a0a8-53efa1fa5238,theban.net,available,11.98,18.58,high,low,6,namecheap,,,11/09/2026 12:35
b31eaf0b-e436-4088-9bca-6a668423fedd,groupe.net,resell,,,high,low,6,,,,30/09/2026 12:13
ad4dd9ea-8522-492e-826d-93bd3d5039ef,ants.net,resell,,,high,low,4,,,,28/09/2026 00:08
c0e174c8-b37c-4533-b050-f0583251cc8f,cablelike.net,available,,,high,high,9,,,,
62c4ce67-ba99-4e7a-9881-75ea7757cf2e,noncontrolled.net,available,,,medium,low,14,,,,
e2f03c54-49e1-4489-91cf-59a4af5257dd,jibe.net,resell,,,high,low,4,Dynadot Inc,18/07/2001 00:47,18/07/2027 00:47,26/09/2026 07:00
75c91c04-c5a6-4988-8e76-c1e9c975a5b9,responder.net,resell,,,high,low,9,"GoDaddy.com, LLC",27/05/1998 04:00,15/03/2027 03:59,26/09/2026 08:38
da53a252-f9f5-4484-b648-d9ee4570d8bb,softens.net,available,,,medium,low,7,,,,
5fe31e4e-daca-4af1-8672-9764027a61a2,touchy.net,resell,,,medium,low,6,"GoDaddy.com, LLC",26/04/2015 18:53,26/04/2027 18:53,26/09/2026 09:42
0441a791-2fc0-48f8-91f1-45f38ee47b51,attests.net,available,,,medium,low,7,,,,
670bb79b-04f3-4e97-a5d6-3a6c8e6eb810,accusative.net,available,12.48,18.58,high,low,10,namecheap,,,
ed302bac-f379-4df3-9c45-2dc8816b2b65,unellipted.net,available,,,high,high,10,,,,
2a6fd0c7-f08e-4a10-b78e-cb9c284f84f9,ebonics.net,resell,,,medium,low,7,"GoDaddy.com, LLC",31/05/2025 20:01,31/05/2027 20:01,26/09/2026 05:44
d8061f17-bfc8-4022-b131-6bb24b361cef,fringe.net,resell,,,high,low,6,,,,29/09/2026 01:02
5114b348-8945-402a-9665-20499bbca182,prods.net,resell,,,high,medium,5,Dynadot Inc,11/09/2000 11:46,11/09/2027 11:46,26/09/2026 08:21
cb356882-47e0-4a5c-8d21-7088c1f4e25e,decreasing.net,resell,,,medium,low,10,"Lemon Shark Domains, LLC",20/02/2022 19:22,20/02/2027 19:22,26/09/2026 05:27
1c9059b9-0e9d-41d2-a72d-fcc0bd9355ef,auchencrow.net,available,,,high,high,10,,,,
fe89573f-58fc-4d87-96c1-5fe25e5bfa6f,beginner.net,resell,,,high,low,8,Porkbun LLC,28/06/2001 10:38,28/06/2028 10:38,26/09/2026 04:20
5359ba36-3c13-4f21-b84a-9a999c2a06b7,vanuatuan.net,available,,,high,high,9,,,,
2b2f7ff0-f044-4219-a14f-a1dbea206fea,capitalisations.net,available,,,low,low,15,,,,
d6d1fbf1-30c2-4b85-8dd6-d43e47178edd,romcoms.net,available,,,medium,low,7,,,,
647e6a81-8572-4660-9b11-0f39362e2e13,antiderivatives.net,available,,,medium,low,15,,,,
bbe7888a-602d-4494-879a-1b8445cfadd2,blond.net,resell,,,high,low,5,Dynadot Inc,10/08/2000 10:36,10/08/2027 10:36,26/09/2026 04:29
346f6003-f628-4052-b6ee-af87fa5ce464,crocheted.net,available,,,medium,low,9,,,,
77dfe3c6-ee1d-4eee-afeb-408e5a21239c,stewardesses.net,available,,,medium,low,12,,,,
ea5ac38d-603b-4ea5-abb4-974d0141d045,xylographer.net,available,,,high,high,11,,,,
8ae5d8aa-aea4-45c2-83ef-e323db1a5791,idealistically.net,available,,,high,high,14,,,,
15ab8b86-cee6-42c7-b97a-e488ca425c1d,whistle.net,resell,,,high,low,7,GoDaddy Online Services Cayman Islands Ltd.,06/11/1999 11:45,06/11/2029 11:45,26/09/2026 10:08
56bfb91d-6392-46a9-9075-e2a1d21fe538,swindle.net,resell,,,medium,low,7,"Network Solutions, LLC",15/04/1999 04:00,15/04/2027 04:00,26/09/2026 09:28
79fb2d37-c371-4c36-8b6e-00b2fbb1a01e,whatstandwell.net,available,,,high,high,13,,,,
ea0a43bf-4b3a-47e6-955f-af86072a66a9,reattachment.net,available,,,high,high,12,,,,
51417512-c72a-4de0-a863-5f1f88b1eccd,elspa.net,available,,,high,high,5,,,,
e1012cb4-27bf-4a16-9cde-242956f76a7c,articulata.net,available,12.48,18.58,medium,low,10,namecheap,,,24/09/2026 08:22
41975756-eaf6-46c2-abef-aaf80f0b77b1,souse.net,resell,,,medium,low,5,"Spaceship, Inc.",22/06/2023 18:44,22/06/2027 18:44,26/09/2026 09:10
e6efa384-e91d-4603-871d-acc433828309,nouadhibou.net,resell,,,high,high,10,Dynadot Inc,14/05/2001 17:18,14/05/2027 17:18,26/09/2026 07:49
afdf5a2b-cd56-494d-bcec-37a139beffb1,lust.net,resell,,,high,low,4,"GoDaddy.com, LLC",22/10/1996 04:00,21/10/2028 04:00,30/09/2026 02:38
dd146b38-7958-458a-b68b-8e6214928602,uncharged.net,available,11.98,18.58,medium,low,9,namecheap,,,12/09/2026 05:06
c7119e97-70fe-4330-9092-3cd223ccc3aa,overly.net,resell,,,high,low,6,"GoDaddy.com, LLC",23/07/2005 16:48,23/07/2027 16:48,26/09/2026 07:58
beea24d3-fe92-46d2-ac62-e3f89ab38523,averi.net,resell,,,high,high,5,"GoDaddy.com, LLC",31/03/2017 19:27,31/03/2027 19:27,26/09/2026 04:10
75a9f839-6f34-49bf-8337-852f36121c37,microfibre.net,premium,,,high,low,10,Annulet LLC,23/12/2004 16:50,23/12/2025 16:50,
2b0b13ab-609e-4943-83c4-ae4ff30f846f,romping.net,available,,,high,high,7,,,,
363a5c83-b1de-4919-a6fe-0402c184b732,elapsed.net,resell,,,medium,low,7,NetEarth One Inc. d/b/a NetEarth,21/03/1999 05:00,21/03/2027 04:00,26/09/2026 05:46
551695d7-eb05-4838-9005-ce0a7c35a344,functors.net,available,,,medium,low,8,,,,
a7bddfec-609e-4581-9927-4f07b3673731,interplatform.net,available,,,high,high,13,,,,
dfeb467d-da92-4272-8232-132d280db042,maglite.net,resell,,,high,medium,7,Dynadot Inc,20/04/2025 18:34,20/04/2028 18:34,26/09/2026 07:22
72ee1141-c66d-45d0-ae2c-607da26df078,albinotic.net,available,12.48,18.58,medium,low,9,namecheap,,,
6cc31e70-b4ce-4350-8584-556c23e23002,trilingual.net,available,,,high,low,10,,,,
39b599c0-81cd-4ef1-afe9-b4a1b93d8aab,afford.net,resell,12648.85,23.99,high,low,6,"NameCheap, Inc.",26/07/2002 20:28,26/07/2027 20:28,26/09/2026 01:25
9df46540-5021-4096-9c33-83d6230466bb,musicmaking.net,available,,,high,high,11,,,,
76e0cdc0-5697-4698-ba5c-db71c2237e0b,clintonista.net,available,,,high,high,11,,,,
9ba05df6-4b01-4c87-95d2-ec1ed03941ad,ninjutsu.net,resell,,,high,high,8,Epik LLC,22/12/1998 05:00,22/12/2027 05:00,26/09/2026 07:47
a4d855f0-2d7d-49ad-9e74-69f45aab41a5,choochoos.net,available,,,medium,low,10,,,,
aaf13382-cecf-4fc1-ac13-a9b6fa806114,expectedness.net,available,,,medium,low,12,,,,
f83b44da-ba90-4bb9-ad7f-6b7a808faf58,calculation.net,resell,,,medium,low,11,Dynadot Inc,23/06/1999 09:29,23/06/2027 09:29,28/09/2026 12:48
5bc256e3-f578-4d2b-bde0-b54da87af2e2,throwing.net,resell,,,high,low,8,,,,27/09/2026 08:46
440ad806-562c-425e-918d-fcccfe2a3046,standardised.net,available,,,high,low,12,,,,
a1d6df52-c4c9-416a-b67d-d179cce00eeb,billhook.net,available,15.95,15.95,medium,low,8,namesilo,,,23/09/2026 16:21
5b8c4de4-d7e4-465a-98b2-3a1870578285,nonleaky.net,available,,,high,low,8,,,,
702500c9-a27d-49cc-bc2e-4cfb7b8ea3e1,kilobytes.net,premium,,,medium,low,9,Annulet LLC,26/08/2003 18:14,26/08/2025 18:14,
d3b59eee-ba79-4b35-ab33-2e00383f2583,descriptively.net,available,,,high,high,13,,,,
8c2e6626-ee68-48f5-aab2-148f661270e8,homopolymer.net,available,,,high,high,11,,,,
e911822a-c58c-4398-922d-f689890b09bc,semiintegral.net,available,,,medium,low,13,,,,
af6bc5a6-7939-425a-b8c9-4fce17790b3a,dojo.net,resell,,,high,high,4,"GoDaddy.com, LLC",08/07/1998 04:00,07/07/2027 04:00,26/09/2026 05:38
fed268a6-cce9-4d01-8712-b113aa568f5f,kinda.net,resell,,,high,low,5,Epik LLC,04/05/2003 18:18,04/05/2028 18:18,28/09/2026 16:02
730a000a-b694-4c6d-8d5c-93626ebba70a,continuationist.net,available,,,low,low,15,,,,
66ef348b-6c75-425f-acac-806a39590e5c,hashflag.net,available,,,high,high,8,,,,
5da950bf-018d-4a05-b57f-eb5e9e99f57c,convalesce.net,available,,,high,high,10,,,,
ee1704fb-2752-42d6-9dd3-d2020da1c850,buccal.net,available,12.48,18.58,medium,low,6,namecheap,,,11/08/2026 07:27
1ef589b3-1f22-4730-ab07-043831d09a0d,pipelines.net,resell,,,high,medium,9,"GoDaddy.com, LLC",21/04/2002 18:13,21/04/2027 18:13,26/09/2026 08:10
e7297b75-6ad3-41e5-a73c-3f831855ccd7,promotes.net,resell,,,medium,low,8,"Spaceship, Inc.",07/03/2003 19:18,07/03/2027 19:18,26/09/2026 08:22
ce01cf57-71ed-4696-9de0-835d67f9fec6,unfastening.net,available,,,medium,low,11,,,,
df4c36a8-07e7-4755-9449-d8cc3f4a64ef,azerbaijani.net,available,11.4,11.4,high,low,11,spaceship,,,29/09/2026 14:18
762be255-79c5-4c41-97c4-a9645a3ac940,waxcap.net,available,,,high,high,6,,,,
b67fb33b-564f-42f9-8474-43609dfbffba,lilliann.net,available,,,low,low,8,,,,
233db2d8-4946-4d1c-b1ad-12b6feecb48c,accrescence.net,available,,,high,high,11,,,,
068e4af4-160b-44ca-8ed1-7cd289a4ba8d,currish.net,available,12.48,18.58,medium,low,7,namecheap,,,13/08/2026 11:31
9be94c52-60e4-4f4b-a682-e5e430ef2f48,mumbai.net,resell,,,medium,low,6,,,,29/09/2026 00:13
fd0305e5-3e1c-4fc5-9632-907a5673a218,reclined.net,available,,,high,low,8,,,,
f3d9073d-aa5d-4120-8f08-1044f56e911f,treatable.net,available,,,high,high,9,,,,
ca1af73d-5749-4967-b538-08c28dcd86f0,pilgrimage.net,resell,,,high,low,10,,,,29/09/2026 20:00
2c25d678-f7b6-4c29-b7c3-65e49cf2c605,staffer.net,resell,,,high,high,7,"GoDaddy.com, LLC",14/07/1999 23:48,14/07/2027 23:48,26/09/2026 09:15
492fe857-c953-464b-a198-a44917d61dd1,baiza.net,available,12.48,18.58,medium,low,5,namecheap,,,21/09/2026 19:33
5f07db3f-74cc-44a5-b1de-e94a68e4c36f,highbrows.net,available,,,low,low,9,,,,
3290dc42-01dd-4894-9142-c311adc0e850,cutaways.net,available,,,medium,low,8,,,,
f0ae9ed1-1a52-4de0-99e8-f8c3d7e28417,oathed.net,available,,,low,low,6,,,,
44559736-1d01-49bc-ad26-d3dbf93b93ba,continuousness.net,available,,,high,high,14,,,,
7a384c34-0136-4755-90cf-cdf7ff5d6456,allays.net,available,,,medium,low,6,,,,
8f9dec5c-d8a6-4945-a610-86067011ef34,nonmachine.net,available,,,high,high,10,,,,
045817ab-f067-4589-a036-c29248c53737,fiftyfold.net,available,,,high,high,9,,,,
b9ea6dbe-721a-4ef4-8451-36ea91e30842,carrauntoohill.net,available,,,high,high,14,,,,
ec908cdf-f21f-493e-95f2-7fcb938c1212,siding.net,resell,,,high,low,6,,,,29/09/2026 20:06
c332e00e-e1e4-47e2-994a-e7bbd8d0fae0,undersanded.net,available,,,high,high,11,,,,
e2ec403b-66b6-43a8-adc7-1c09a1676863,perceives.net,available,,,medium,low,9,,,,
1c35c3f7-ac7d-4ea5-9af2-8c9494e00d32,jinked.net,available,,,low,low,6,,,,
f1e3327f-751f-47bf-973d-ddfd4942ca3e,immunization.net,resell,,,high,low,12,Porkbun LLC,29/06/2001 10:38,29/06/2028 10:38,26/09/2026 06:49
8c752ff3-01f7-431e-9fd5-39c80a60951f,embroiders.net,available,,,medium,low,10,,,,
cfc63558-bc5c-4d36-bac6-8615c77d85d1,transposal.net,available,,,medium,low,10,,,,
1f389e85-7bed-4563-9358-e8df27328352,irrepressibly.net,available,,,high,high,13,,,,
e4b86f2b-b640-42bf-a7ee-ebead2a5c835,homyel.net,available,,,high,high,6,,,,
d965575b-0817-4176-b0fe-68afacd7bc08,gotten.net,resell,,,high,low,6,"eNom, LLC",15/06/2003 15:33,15/06/2027 15:33,26/09/2026 06:27
3f0c3990-e754-4209-8a67-0ca79a266ca3,countrified.net,available,,,high,high,11,,,,
077094c4-85b0-4237-8582-68818e0a2899,patiently.net,resell,,,high,low,9,"GoDaddy.com, LLC",22/06/2023 18:32,22/06/2027 18:32,26/09/2026 08:03
1a229c98-3e33-4dc2-b3b6-421061a7ff91,anksome.net,available,,,high,high,7,,,,
e951a563-a812-4df5-adce-95150f2f3181,version.net,resell,,,high,low,7,GoDaddy Online Services Cayman Islands Ltd.,23/11/1999 11:48,23/11/2029 11:48,28/09/2026 18:17
2d5d5c16-b5ac-49a1-a2e5-121b6189d759,beaches.net,resell,,,high,low,7,"GoDaddy.com, LLC",23/05/2004 18:37,23/05/2027 18:37,26/09/2026 04:18
972ae002-6053-4d5d-8faf-051d26b45506,jumentous.net,available,12.48,18.58,medium,low,9,namecheap,,,22/08/2026 14:21
e477360d-4851-4312-b7c5-dfa40ad68628,moirai.net,resell,,,high,high,6,"TurnCommerce, Inc. DBA NameBright.com",12/09/2012 18:29,12/09/2027 18:29,26/09/2026 07:36
8b71d283-7cd4-40ea-a68d-44e605799658,designed.net,resell,,,high,low,8,"NameSilo, LLC",15/09/1998 04:00,14/09/2027 04:00,26/09/2026 05:30
6bcc57ef-ccfb-40a5-a681-fd507e0b085b,expansionary.net,available,,,high,high,12,,,,
fc819c23-70ed-4282-832d-398d8b52d8d5,weapons.net,resell,,,medium,low,7,"GoDaddy.com, LLC",01/11/2000 11:39,30/06/2027 11:59,26/09/2026 10:05
066513f9-fe1f-42f3-8687-1dfa17f48f09,parvati.net,resell,,,high,low,7,"Gabia, Inc.",10/04/2014 18:21,10/04/2027 18:21,26/09/2026 08:02
e2cfc263-5ad4-47ab-890f-c7ed2fe92941,buckhoist.net,available,,,high,high,9,,,,
83aeb91c-8035-4527-9031-8321a704f567,candidness.net,available,,,high,high,10,,,,
c1d5e166-5193-417f-8b8c-07820bd04968,pizazzy.net,available,,,medium,low,7,,,,
f08ef0cc-972b-44c5-83db-4a79017a9667,costuming.net,available,,,high,low,9,,,,
51a5117e-3412-4594-8e96-f3a8f328d270,simons.net,resell,,,high,low,6,,,,27/09/2026 20:33
2c3b2f54-0095-4cda-a042-3c66e68a149f,depositees.net,available,,,low,low,10,,,,
838bd268-0d45-4e97-bc31-bbf81fb300ca,electrode.net,resell,,,high,high,9,"GoDaddy.com, LLC",08/04/2002 18:13,08/04/2027 18:13,26/09/2026 05:47
f0d9115d-2f5c-4358-b17a-06a1df02cb4a,broth.net,resell,,,high,low,5,"GoDaddy.com, LLC",29/04/2003 18:14,29/04/2027 18:14,26/09/2026 04:38
89dc42e6-6fdc-4e7e-8509-38f5abe726ec,assumedly.net,available,,,high,high,9,,,,
af10a61d-4bf9-41ae-89bf-48166e87cdbd,machinelike.net,available,,,high,high,11,,,,
cf49ac02-b163-46e7-a2d7-3e2eda76f859,telomeres.net,resell,,,medium,low,9,"GoDaddy.com, LLC",02/08/2022 18:31,02/08/2029 18:31,26/09/2026 09:33
c0c91838-84f5-4540-8f3d-5c7222183002,widford.net,available,,,high,high,7,,,,
15e20fce-957c-46ac-bded-082fa55ef8ee,bodyboarder.net,available,,,high,high,11,,,,
30ff9c2b-c0cb-4d85-82fb-0df708e4ad88,kingliness.net,available,,,medium,low,10,,,,
f898b6a4-7795-4dd8-9536-318997418cc2,alternapop.net,available,,,high,high,10,,,,
0df048b0-d880-4228-a695-4699fc2ab3a8,cbo.net,resell,,,high,low,3,,,,30/09/2026 04:30
9618ed5f-be34-408f-b40f-592aca4424f4,psychomedicine.net,available,,,high,high,14,,,,
9200d47d-f9f8-4cda-81f4-a39be295003b,shouldering.net,available,,,high,high,11,,,,
51b43cd6-9352-418e-93ce-b61d4012a597,interestedness.net,available,,,medium,low,14,,,,
68c48145-a99c-4638-a058-8391e19b8339,chequer.net,available,12.48,18.58,high,high,7,namecheap,,,25/09/2026 09:03
2ac74e75-5427-4ad4-afad-7dd11756c586,auray.net,available,,,high,high,5,,,,
5d3f79d0-bb6c-4f3a-bacc-29de2f83c95f,harkening.net,available,,,high,high,9,,,,
50fa8d9c-3f8b-475a-a158-60cd932abfdc,tutees.net,available,,,medium,low,6,,,,
44d7face-f5db-42d8-a946-34c9e4694056,cherokeean.net,available,,,high,high,10,,,,
c677b7b8-5e5b-48a1-af7a-cc7cf88d8912,aphrodisia.net,resell,,,medium,low,10,"TurnCommerce, Inc. DBA NameBright.com",10/06/2016 18:45,10/06/2027 18:45,26/09/2026 03:55
51575501-78ce-4bf3-a315-e1fbd194a82c,showery.net,available,11.98,18.58,high,medium,7,namecheap,,,09/09/2026 09:50
86a75e03-c6d3-4fcc-bb6c-815366ebebed,acidophilicity.net,available,,,medium,low,14,,,,
29c8a35c-f4fb-4d51-a6a0-0db91e3792db,something.net,resell,,,high,low,9,"Gabia, Inc.",05/07/2001 10:31,05/07/2027 10:31,01/10/2026 00:22
78b5fcf9-11a3-40f5-9550-a7828e4607c0,polemic.net,resell,,,medium,low,7,1API GmbH,31/12/2003 19:14,31/12/2026 19:14,26/09/2026 08:14
fa7ecd4d-e000-4f4d-afd8-aa417de33c04,entangled.net,resell,,,high,low,9,Dynadot Inc,04/08/2002 12:18,04/08/2027 12:18,26/09/2026 05:51
01f7d900-a27f-45c5-bfc7-9ced76c8c98b,sympathising.net,available,,,medium,low,12,,,,
00541a2a-1b1f-4360-8d74-d543a8b4a565,counteradvice.net,available,,,high,high,13,,,,
883c21ae-45dc-420b-ab6c-7586c9dc4a90,functionings.net,available,,,medium,low,12,,,,
39bdd4e6-ea3d-484c-b533-c8c65fd4cf9a,worms.net,resell,,,high,low,5,,,,28/09/2026 03:50
23783994-1bf6-4dd2-b7df-5b5beeff7217,tottering.net,available,11.98,18.58,medium,low,9,namecheap,,,11/09/2026 18:14
43981819-4dc4-45c3-b29b-3ef1ccdcd1d2,macroecosystem.net,available,,,high,high,14,,,,
c118d43f-8753-4ff7-b9a4-b9b0d9489c13,aplite.net,available,16.49,23.99,medium,low,6,name.com,,,19/09/2026 17:42
17e0aa68-b17b-4aaf-8309-0836ba45a052,balloonry.net,available,,,medium,low,9,,,,
61599ec4-166a-428d-b41f-66e40f7bb616,cortlandt.net,resell,,,medium,low,9,,,,30/09/2026 22:25
deea50a3-010f-4334-814c-666f748acb19,girlyman.net,available,,,high,high,9,,,,
a1ce78e1-a96e-4c80-9735-0355a366d06a,blend.net,resell,,,high,low,5,GoDaddy Online Services Cayman Islands Ltd.,06/11/1999 11:41,06/11/2029 11:41,26/09/2026 04:29
db374b87-6def-43c1-b8e9-76e7f52d2856,attentional.net,available,,,high,high,11,,,,
fb58f0c6-df34-4fb2-ba4a-d474f33eabdb,viscous.net,resell,,,high,low,7,"GoDaddy.com, LLC",04/07/2019 21:11,04/07/2027 21:11,26/09/2026 10:00
97f7d70d-9bc7-4df1-832b-0572aa66245e,ebonies.net,resell,,,medium,low,7,Dynadot Inc,26/11/2005 19:14,26/11/2026 19:14,26/09/2026 05:44
360c6b11-fd29-4f3a-9d30-4f67ff3e3164,excusing.net,available,,,high,high,8,,,,
9d85af3f-a79e-4627-822e-bcb6b553648d,sleeves.net,resell,,,medium,low,7,,,,29/09/2026 10:37
15ae75bc-e708-44bd-8a75-c1a298c28ce5,objectives.net,resell,,,medium,low,10,"GoDaddy.com, LLC",16/01/2003 08:18,16/01/2027 08:18,26/09/2026 07:51
f0d06369-85c8-4d5c-8902-376ab16093a6,backative.net,available,,,high,high,9,,,,
838a8134-4c08-4ebb-928a-df62030780b8,discourage.net,resell,,,high,low,10,,,,29/09/2026 20:38
ee37e441-229e-4e08-a7d9-07b4295d3e7c,explanations.net,resell,,,medium,low,12,"GoDaddy.com, LLC",22/08/1997 04:00,21/08/2027 04:00,26/09/2026 05:57
c30fb12b-df4a-4981-b1e7-7a40c7d4be14,baroness.net,resell,,,high,low,8,"NameCheap, Inc.",22/03/2020 18:07,22/03/2027 18:07,26/09/2026 04:16
040347f7-75d2-4ad4-88bc-4dbdb567eed4,garbanzos.net,available,,,medium,low,9,,,,
7a95bda9-636e-4c47-b1b2-3c6e0a3602b8,femtogram.net,available,,,high,high,9,,,,
1aee9131-cbaa-4cbc-8f67-97dcc20e548e,peplum.net,resell,,,high,high,6,"TurnCommerce, Inc. DBA NameBright.com",07/02/2012 19:28,07/02/2027 19:28,26/09/2026 08:06
bf4b0c48-c9cf-41e4-83b7-0abec09d1416,fragrances.net,resell,,,high,medium,10,"Spaceship, Inc.",14/09/1997 04:00,13/09/2027 04:00,26/09/2026 06:13
331b4603-bfc8-4048-a2b6-d2e2e2c70105,perspex.net,resell,,,high,high,7,"NameCheap, Inc.",03/03/2000 11:13,03/03/2027 11:13,26/09/2026 08:07
96846f10-09b5-4e8d-a3bb-eed20cd1cc71,urals.net,available,11.86,11.86,medium,low,5,cloudflare,,,30/09/2026 19:04
f5fbc112-f276-47c6-987f-053f0c676cd3,chickahominy.net,available,,,high,high,12,,,,
15ef2982-257e-4caf-9dba-a9b7a943f0ef,ashe.net,resell,,,high,low,4,Dynadot Inc,09/06/2017 18:26,09/06/2027 18:26,26/09/2026 04:03
1a2bfeb3-c640-48fb-849a-ec987338d532,ashkenazi.net,available,12.48,18.58,high,low,9,namecheap,,,20/09/2026 13:54
5949ab3b-ae86-4173-9a37-c9260e2dc733,recognitional.net,available,,,high,high,13,,,,
2fc85a64-122f-4c52-8e6a-c9fa76ab5bdc,gti.net,resell,,,high,high,3,"NameCheap, Inc.",29/06/1994 04:00,28/06/2027 04:00,26/09/2026 06:31
18f8ba09-3afa-424e-b47b-48086e7410df,therearound.net,available,,,medium,low,11,,,,
3ed757c3-0001-4bc9-a59f-5c48da2fd6c3,genoese.net,available,12.48,18.58,high,low,7,namecheap,,,18/08/2026 21:48
71db4989-7ff0-4d61-8527-ab5873439f32,reattach.net,available,,,high,high,9,,,,
53d7f4d5-30b9-4ae9-8230-79284f9eaa9f,unmelted.net,available,11.98,18.58,medium,low,8,namecheap,,,12/09/2026 15:35
55781920-300e-4165-8c4e-fbc235054f16,elisabeth.net,resell,,,high,low,9,"Gabia, Inc.",09/04/2002 18:13,09/04/2027 18:13,26/09/2026 05:47
7aef729f-911c-47eb-b75f-ff856eb658b0,attitudinizing.net,available,,,high,high,14,,,,
19b9a214-6292-4461-885a-c2893432a3d5,bedevil.net,available,12.48,18.58,medium,low,7,namecheap,,,14/08/2026 21:15
016dc938-e3cb-465e-a558-fb54ca5b7176,enhancers.net,resell,,,medium,low,9,GoDaddy Online Services Cayman Islands Ltd.,05/08/2001 10:39,05/08/2027 10:39,26/09/2026 05:51
83c1d993-bda6-4512-b8b1-611611f8f5a4,wetherhead.net,available,,,high,high,10,,,,
5e4e272a-5ef3-475a-be1e-a08c55bd3c69,indocanadian.net,available,,,high,high,13,,,,
f0922e75-2c80-448f-8640-555401238abf,cavernous.net,available,12.48,18.58,high,low,9,namecheap,,,11/08/2026 22:51
1e26de98-452c-451e-9e7c-30ae8d4967a9,labourite.net,available,,,high,high,9,,,,
dd88aa42-2104-40fa-ac0c-e55b85d3fc25,copasetic.net,available,,,medium,low,9,,,,
59693282-60eb-4b09-ae8b-6f34d20f7228,buckleless.net,available,,,medium,low,10,,,,
5a6846ec-7959-4b62-8bc5-aea90c6b659b,shakspearian.net,available,,,high,high,12,,,,
589e768d-d7c9-4b8a-acc1-61a7e04b5ba6,suppress.net,resell,,,medium,low,8,,,,29/09/2026 00:32
4dedc290-ed64-410c-9540-f868d54bfa3d,megaelectronvolts.net,available,,,low,low,17,,,,
d1a9c24d-ffa8-4014-82a2-ec86024454c3,poriferous.net,available,11.98,18.58,medium,low,10,namecheap,,,08/09/2026 23:59
deec22c2-ff8a-42a4-911e-8a67d5accb65,expatiation.net,available,,,high,low,11,,,,
0fdf91f3-641c-4aa5-889e-bba888733296,cuba.net,resell,,,high,high,4,"GoDaddy.com, LLC",14/01/1997 05:00,13/01/2029 05:00,29/09/2026 12:38
79da1578-91d9-413a-b0ac-e2fbde9a5d83,administrable.net,available,,,high,high,13,,,,
d3d901ad-5e56-44c8-ba04-6e8ef6b03fec,accountment.net,available,,,high,high,11,,,,
32fa4801-b2d8-4f5d-ae3c-0121d3810da8,characterized.net,available,16.5,,medium,low,13,unstoppable,,,30/09/2026 23:27
430066a3-25d3-4b42-ade8-5fa4a8895e5e,idiosyncracy.net,available,,,high,high,12,,,,
7e381502-cbcd-486c-a021-4f68ad8e0734,redeemed.net,resell,,,high,medium,8,"NameCheap, Inc.",30/06/2001 16:01,30/06/2027 16:01,26/09/2026 08:32
5eb8e9bb-c81f-4494-a9e1-4b7015fd42cb,doctrinal.net,available,12.48,18.58,medium,low,9,namecheap,,,14/08/2026 14:25
bab5d488-769c-40c9-90f1-7357f7c968fd,antihypertensive.net,available,,,high,high,16,,,,
f2d6177c-7140-4ae8-b008-adfa1c5c1dff,teetotallers.net,available,,,medium,low,12,,,,
54d8b301-44ab-46ba-8430-efe3e653859a,bused.net,available,12.48,18.58,medium,low,5,namecheap,,,26/09/2026 04:41
e19f20cf-0986-4679-9997-b0a87ff6d7d7,bestseller.net,resell,,,high,low,10,"NameCheap, Inc.",10/01/2002 02:48,10/01/2027 02:48,26/09/2026 04:23
a17ae1d9-4316-42f5-a0d4-d378ec18ac20,humanely.net,resell,,,high,low,8,"V12 Domains, LLC",21/06/2020 18:24,21/06/2027 18:24,26/09/2026 06:45
147b52c0-8d76-4646-81b0-f11a2114ffaf,obsolete.net,premium,2117.89,23.99,high,low,8,Annulet LLC,31/10/2000 11:53,31/10/2026 10:53,14/08/2026 13:30
960cddbb-f9e6-4a34-90ce-38ef0fe47009,hobbitlike.net,available,,,high,high,10,,,,
891d99db-baee-4119-81be-0d33a7db200e,artificialness.net,available,,,high,high,14,,,,
c7f14de6-c631-4506-8197-07baaad48a15,ears.net,resell,,,high,low,4,"GoDaddy.com, LLC",12/02/1998 05:00,11/02/2028 05:00,26/09/2026 05:44
94143467-be13-4daa-b575-91db9184e89b,hospices.net,resell,,,medium,low,8,"Domain.com - Network Solutions, LLC",01/02/1997 05:00,02/02/2027 05:00,26/09/2026 06:43
724d6a3c-e0f3-4919-bf99-148164eafd4a,penetratingly.net,available,,,high,high,13,,,,
b1db06e9-a589-413b-a9f6-da798fd82e17,goldilocks.net,resell,,,high,low,10,Dynadot Inc,03/04/2002 19:17,03/04/2027 18:17,26/09/2026 06:26
4c572719-727e-4bbc-a8a1-cb6558e20169,biarezina.net,available,,,high,high,9,,,,
94c1fe1e-7efc-4aa2-8d5e-2a3324f8bdd6,epitomize.net,available,,,high,high,9,,,,
d411987b-5bfe-44ee-9335-7c96a85d0e14,atsina.net,available,,,high,high,6,,,,
674a1b36-53fd-4954-b89c-dfc765cba456,hibernator.net,available,,,high,high,10,,,,
041ea914-d2eb-48e8-b9bc-776d87f2fed5,semidocumentary.net,available,,,high,high,15,,,,
2cffe7b5-6898-4705-9f0e-5af7f4fdafa2,gallons.net,resell,,,low,low,7,,,,28/09/2026 23:47
2d5d8fba-1d9f-4995-87dd-9cb35fed0986,obligations.net,resell,,,low,low,11,"Sav.com, LLC",19/08/2016 18:51,19/08/2027 18:51,29/09/2026 05:17
f0228e36-4444-44ab-a65b-deb90c59a09e,benthos.net,resell,,,high,low,7,"Sav.com, LLC",18/05/2025 20:52,18/05/2027 20:52,26/09/2026 04:22
d58ca440-b342-498b-8f3f-75ed271b5f12,apc.net,resell,,,high,low,3,"GoDaddy.com, LLC",31/10/1995 05:00,03/02/2035 04:59,26/09/2026 03:55
f99b86e9-4f3b-4005-9bea-7cf06fa7dacf,babble.net,resell,,,high,low,6,"GoDaddy.com, LLC",23/02/2022 19:26,23/02/2027 19:26,26/09/2026 04:11
5241cf4a-4c3b-44ab-aa18-4be7a93a917c,accessary.net,available,12.48,18.58,medium,low,9,namecheap,,,
78cba16d-89af-44e2-b54b-3a7b9757a21d,curlytail.net,available,,,high,high,9,,,,
a021f974-fb65-4c30-bd7f-3d8326553932,stylishness.net,available,,,high,low,11,,,,
8df7308b-0cb8-43c1-baa6-5526c2587568,retraction.net,available,15.95,15.95,high,low,10,namesilo,,,16/09/2026 15:59
bb8f4708-bcac-485e-8f72-7eeba0f5c840,nacreous.net,available,11.98,18.58,medium,low,8,namecheap,,,03/09/2026 12:37
f2b87398-9c0f-4754-9338-12ecf17774d0,basewide.net,available,,,high,high,8,,,,
4e76169f-17f0-4ef0-986c-e57029c39839,vitrified.net,available,11.98,18.58,medium,low,9,namecheap,,,13/09/2026 06:20
62055d71-2cc2-4ec6-af1c-a618ed0d2763,coordinated.net,resell,,,high,low,11,Dynadot Inc,15/11/2002 20:59,15/11/2026 20:59,30/09/2026 03:56
25aea709-16bb-469b-b470-3e30ec063106,herded.net,available,,,medium,low,6,,,,
43c11a7f-f26c-4aa9-958d-7eda7f68602f,tumor.net,resell,,,medium,low,5,,,,28/09/2026 10:32
03456320-b980-497f-8afc-d59cdd0f630d,negotiating.net,resell,,,medium,low,11,"Network Solutions, LLC",18/07/2004 18:28,18/07/2027 18:28,29/09/2026 00:06
a9d09fc8-d8c2-4fd0-b7c2-74626e1fe2c7,unlined.net,available,11.98,18.58,high,low,7,namecheap,,,12/09/2026 14:54
04d81b53-5ceb-495f-8273-4b0c35204a74,jagged.net,resell,,,high,low,6,"Spaceship, Inc.",14/06/2025 18:21,14/06/2027 18:21,26/09/2026 06:58
228ce252-73db-44a1-ac73-463a963ae307,incarnadine.net,available,,,high,high,11,,,,
2b32bf6a-faae-4aeb-a4cd-307a7c52f602,telephones.net,resell,,,high,low,10,Turkticaret.net Yazilim Hizmetleri Sanayi ve Ticaret A.S.,10/05/2000 10:42,10/05/2027 10:42,01/10/2026 00:37
4ed3d385-e070-47b0-8d35-bd768d0e3ff4,jacobean.net,available,12.48,18.58,high,low,8,namecheap,,,22/08/2026 11:47
9715307a-f5c0-4f18-97d4-3025c2e0358b,disregarded.net,available,15.95,15.95,medium,low,11,namesilo,,,
21b53c02-c93d-4955-9f85-5775e908850a,cases.net,resell,,,medium,low,5,"Spaceship, Inc.",02/04/1997 05:00,03/04/2027 04:00,26/09/2026 04:47
42bd46f7-bea8-43be-b694-6c7a0687604d,recatalogue.net,available,,,high,high,11,,,,
fc8762c0-1334-493f-a151-f6fd432962e5,proposition.net,resell,,,high,low,11,Dynadot Inc,25/04/2002 18:43,25/04/2027 18:43,28/09/2026 03:24
24148c39-98db-490c-a1f7-320062c4f837,moldboard.net,available,,,high,high,9,,,,
3cd7239c-c714-43ac-b13f-6c5c181dcc35,hareem.net,available,,,high,high,6,,,,
a14dad0f-c3c7-4cf0-8d4c-aa3f9d0ed166,always.net,resell,,,high,medium,6,CSL Computer Service Langenbach GmbH d/b/a joker.com,01/08/1997 04:00,31/07/2027 04:00,28/09/2026 12:09
fd440a13-67d0-4d96-9944-d439a81db14a,greenbacks.net,resell,,,high,medium,10,"TurnCommerce, Inc. DBA NameBright.com",15/02/2016 19:15,15/02/2027 19:15,26/09/2026 06:29
3bc3b26b-6645-4aaa-b893-ee00b1001d50,raindrop.net,resell,,,high,high,8,"GoDaddy.com, LLC",16/12/2019 19:28,16/12/2026 19:28,26/09/2026 08:29
19af41d6-43d6-4101-b1db-e9b2891beecf,puffiness.net,available,,,high,high,9,,,,
81d19c44-dbe4-4d6b-9826-5a4ffeff6157,breaks.net,resell,,,medium,low,6,"GoDaddy.com, LLC",03/03/2010 19:44,03/03/2027 19:44,26/09/2026 04:36
fae71711-31a5-43f4-88df-e21a96b13fa7,preanalyze.net,available,,,high,high,10,,,,
a80d39b0-27f1-4f35-9495-4cbf319f79b4,cordova.net,resell,,,high,low,7,,,,29/09/2026 11:58
479693f8-0642-4a52-ad00-09f043079aad,lambent.net,resell,,,medium,low,7,"Spaceship, Inc.",14/02/2021 19:31,14/02/2027 19:31,26/09/2026 07:07
58948683-6714-423b-b020-b19b11bcb8b0,ardour.net,resell,,,high,low,6,Dynadot Inc,30/12/2021 19:27,30/12/2026 19:27,26/09/2026 03:58
af76e988-2f1a-4986-b078-ffb3192f315d,eulogizers.net,available,,,medium,low,10,,,,
f91a53df-b70b-449e-9d2f-712e2f7b81ed,kinlochleven.net,available,,,high,high,12,,,,
dbe189dd-f246-4fe5-8f7a-5872036bc30a,barnet.net,resell,,,medium,low,6,,,,28/09/2026 20:56
2b9adde7-0132-4c4b-9e0a-18ca2c799e56,splodges.net,available,,,medium,low,8,,,,
b2e62126-9239-4e25-8269-a2c6ba06435e,hovering.net,resell,,,high,low,8,,,,30/09/2026 07:20
fa43f0be-90f0-4c9b-a3a9-c74edaf49fb3,peron.net,resell,,,high,high,5,"TurnCommerce, Inc. DBA NameBright.com",17/10/2016 18:05,17/10/2027 18:05,26/09/2026 08:06
d468efe8-e5bf-403c-9f5c-b18d7639297a,bisayan.net,available,12.48,18.58,medium,low,7,namecheap,,,23/09/2026 21:29
ffb5725d-5c63-47c4-9d96-2bff60c14d63,washrag.net,available,,,high,high,7,,,,
050d564a-02e6-4e86-bc06-19d89163ca61,horizontal.net,resell,,,high,low,10,Dynadot Inc,09/02/2014 19:33,09/02/2027 19:33,26/09/2026 06:43
107b8f29-517d-423f-8902-6c1ed86a81b5,rhizopod.net,available,,,high,high,8,,,,
468b59f6-f103-4885-b3be-130d901ed54f,tasselmaking.net,available,,,high,low,12,,,,
9aac535e-3a03-44d1-a1c2-d700115692b8,cuirasses.net,available,,,medium,low,9,,,,
1e78dac3-3bed-42d2-bac7-8e72e5b105bf,reinvested.net,available,,,medium,low,10,,,,
0638e741-26e1-49f4-8085-242852fb057d,vagina.net,resell,,,high,low,6,Moniker Online Services LLC,11/01/2000 13:13,11/01/2027 13:13,28/09/2026 15:31
a371b620-4cca-478c-9470-f77232611e74,endergonic.net,available,12.48,18.58,medium,low,10,namecheap,,,17/08/2026 00:55
10283725-dfc6-4839-8204-5a58dce983ed,cavan.net,resell,,,medium,low,5,,,,30/09/2026 12:17
8b33e96b-54ac-47c4-9a48-29c60c0bd21f,luxembourger.net,available,,,high,high,12,,,,
4148e2bd-73a2-4c3d-825d-5e3910c6f18a,vender.net,resell,,,high,high,6,"GoDaddy.com, LLC",02/03/2002 17:11,02/03/2028 17:11,26/09/2026 09:57
40436ab5-9b4e-405d-bdd1-902ec374785d,flipbook.net,resell,,,high,high,8,Dynadot Inc,15/04/2019 18:03,15/04/2027 18:03,26/09/2026 06:08
a683bf0a-eb95-47e5-ad88-54f752dd7540,slipover.net,available,,,high,high,8,,,,
d1fd1b97-e64e-4c5d-9d6a-4ee66ff22822,kinnerley.net,available,,,high,high,9,,,,
3e95b8ab-654c-4983-90ad-c4399a691bc1,sevenfold.net,premium,,,high,low,9,Annulet LLC,05/11/2004 19:01,05/11/2025 19:01,
8632c6ca-0c10-4629-b93b-3d1facfd5f92,methodological.net,available,,,high,high,14,,,,
8f08e574-405c-4df8-869e-43f4634333ec,buckets.net,resell,,,medium,low,7,"Sav.com, LLC",17/09/2019 18:32,17/09/2027 18:32,30/09/2026 15:47
1fa17683-7552-4568-81b4-b1b2f8f5d50d,whangaehu.net,available,,,high,high,9,,,,
b2076c3e-c068-4394-aee4-9521104d13d2,fingerbreadth.net,available,,,high,high,14,,,,
3dbb4146-811e-402c-bede-644020f84e38,forking.net,resell,,,high,low,7,"NameCheap, Inc.",30/01/2026 00:14,30/01/2027 00:14,26/09/2026 06:12
03783583-bdfd-4524-bcfc-55e6e44f41a9,telephoning.net,available,,,high,high,11,,,,
0f9c132e-a7c7-49c0-b81f-c89f556d8513,placentae.net,available,,,medium,low,9,,,,
c89d81af-7a7a-44d1-9371-8c026b65acfd,clotrimazole.net,available,,,medium,low,12,,,,
fc5f6638-9283-4180-967a-c0ca1243cec6,theorise.net,available,15.95,15.95,high,low,8,namesilo,,,24/09/2026 17:20
9b31bff4-cadb-4bdd-9153-261bca5c04ab,ravenlike.net,available,,,high,high,9,,,,
6f68e117-daed-4d14-abac-d572131ef464,hmong.net,resell,,,high,low,5,"GoDaddy.com, LLC",04/07/2003 18:07,04/07/2027 18:07,26/09/2026 06:41
8e21d201-63e2-4d27-8145-6da12532f6f0,obligatory.net,available,11.98,18.58,medium,low,10,namecheap,,,03/09/2026 23:42
05f51031-9496-41f2-be54-d41fd48858f5,soberly.net,available,,,medium,low,7,,,,
6a5eed28-8e0c-4ed0-adf0-cd3596519104,combustive.net,available,12.48,18.58,medium,low,10,namecheap,,,12/08/2026 18:42
b14456cb-3f47-42e1-8f04-fc14dbf5fda4,effectually.net,available,,,high,high,11,,,,
2245b225-85cb-42e9-9cae-a8ff6f4c90b6,accurst.net,available,12.48,18.58,medium,low,7,namecheap,,,
ecf16854-fb7a-40fc-8076-ddc48b6f6c88,bookshopkeeper.net,available,,,high,high,14,,,,
9c00a7ea-03a1-417f-b7f8-b2bed63e0348,unselfconscious.net,available,,,high,high,15,,,,
d93e440a-a8e9-45c2-9610-e234cff5929d,likener.net,available,,,low,low,7,,,,
5ac4a908-82e5-4552-96ef-c25a87d581d6,whitesburg.net,available,,,high,high,10,,,,
9bc752bd-dcbb-4bd8-a4f0-ad2e4a080893,injection.net,resell,,,high,low,9,Dynadot Inc,12/02/2002 20:28,12/02/2027 20:28,28/09/2026 06:02
4e9fd2e1-cdfe-41d1-b945-272e61ea8ec5,landowner.net,resell,,,high,low,9,,,,01/10/2026 02:50
8dfad0c3-8899-489c-9de3-a6a95da802e4,racquet.net,resell,,,high,high,7,Dynadot Inc,18/04/2002 18:26,18/04/2027 18:26,26/09/2026 08:28
b718b7b4-70d7-418c-9702-3097bffd1fb2,emboldening.net,available,,,high,high,11,,,,
02bb3630-956c-4ecb-9bd4-53c88642c6b3,buckeyes.net,resell,,,medium,low,8,Dynadot Inc,01/12/2004 19:00,01/12/2026 19:00,26/09/2026 04:39
9c119824-b8b0-4626-8e98-6a28302afc93,avenged.net,resell,,,high,low,7,"GoDaddy.com, LLC",25/06/2004 00:15,25/06/2027 00:15,26/09/2026 04:10
dc04e301-296f-4390-a210-eed50380a045,exhorting.net,available,,,high,high,9,,,,
0ca65de8-180b-4d4a-9493-18690905963e,knowledgeableness.net,available,,,medium,low,17,,,,
102dfc6a-ec80-490d-92f1-e76b812457ae,graces.net,resell,,,high,medium,6,"NameSilo, LLC",21/02/1999 05:00,21/02/2033 05:00,26/09/2026 06:27
fc55a2cd-8b1b-4abb-af9c-6204130f7e9c,detestable.net,available,12.48,18.58,medium,low,10,namecheap,,,
a7d1b586-34b1-4521-bf09-f6765f267537,nishinomiya.net,available,,,high,high,11,,,,
9f40bc4f-a48a-485c-ac6a-414771998aba,longuineal.net,available,,,high,high,10,,,,
de224e65-96c4-4d7e-9bda-05bd5a20b41c,blazoned.net,available,,,medium,low,8,,,,
c453c5ce-9b34-45f0-b4da-a1f93760f199,ecommunication.net,available,15.95,15.95,high,low,15,namesilo,,,26/09/2026 05:45
b5d5dae7-0bc7-499d-8ed4-65b170accc43,remington.net,resell,,,high,low,9,Dynadot Inc,27/02/1998 05:00,26/02/2027 05:00,26/09/2026 08:35
32f88c6a-5f94-4d9b-ab0d-b4b1373ec16e,fruitwood.net,available,,,high,high,9,,,,
91dea632-a2b9-49ad-8df9-f36c7960e715,oafish.net,available,12.48,18.58,medium,low,6,namecheap,,,10/08/2026 19:32
d0528104-9bb8-4741-81fc-4b197732e2ad,raiser.net,resell,,,high,low,6,"Wild West Domains, LLC",04/08/1999 19:43,04/08/2027 19:43,26/09/2026 08:29
7bd97856-89d8-4f09-b918-ca24059eed87,meuse.net,resell,,,medium,low,5,"GoDaddy.com, LLC",18/02/2016 19:25,18/02/2027 19:25,26/09/2026 07:32
ce9390ac-7685-4a68-8eec-cfcfa384fe34,dragstrip.net,available,,,medium,low,10,,,,
a99233e1-e901-46d6-ad2e-07c8128fe4db,sillahdar.net,available,,,high,high,9,,,,
1b08bedd-9f60-4889-874f-065ec5c28f7b,violmaking.net,available,,,high,low,10,,,,
6f7ce9c6-6e79-4a24-bb81-caf37e1460c7,curiously.net,resell,,,medium,low,9,"GoDaddy.com, LLC",01/01/2012 02:15,24/05/2027 11:59,28/09/2026 14:28
c3f9a7aa-f3d1-4198-8f46-4df2a6891a23,rows.net,resell,,,medium,low,4,,,,29/09/2026 10:22
58fa8601-5827-4ff4-bc79-29e6737249d1,funkabilly.net,available,,,high,low,10,,,,
c37fe7bc-29b0-4043-a151-0e3e92531d94,miniband.net,available,,,high,high,9,,,,
4b288473-cee5-4310-a0a6-9d12168381dd,scrupulous.net,resell,,,high,low,10,"GoDaddy.com, LLC",18/11/1999 06:46,18/11/2026 06:46,26/09/2026 08:52
63b2d23f-753f-4ce5-8631-551497bbd401,contrazy.net,available,,,high,high,8,,,,
8b323c1a-f6a9-48bf-9d36-ce150b3ef3c4,vow.net,resell,,,high,low,3,,,,28/09/2026 11:05
314c8228-3c50-4557-9250-fb02ca15e617,stiffening.net,available,,,high,high,10,,,,
169750be-2b8a-45c3-997b-2e4ed6c25154,summersville.net,available,,,high,high,12,,,,
08b59272-d5f9-4c5e-9bd9-881cbcf2dbfc,tartness.net,available,12.48,18.58,medium,low,8,namecheap,,,17/09/2026 03:12
184e3a11-b21b-4a6f-9afa-4ac629964276,disparately.net,available,,,high,high,11,,,,
13ed227f-7923-415d-a55e-abba808dc05a,politic.net,resell,,,high,low,7,Whois Corp.,27/02/2000 11:48,27/02/2027 11:48,26/09/2026 08:14
32ecdd5d-3871-4c6c-8c23-df99f26f970c,chosen.net,resell,,,high,low,6,"GoDaddy.com, LLC",15/09/2004 18:45,15/09/2027 18:45,26/09/2026 04:56
71793964-537d-4cc2-9737-4368f34d129a,primadonnas.net,available,,,medium,low,11,,,,
00936bc6-efbf-4ca8-90cf-f4e343287f7f,braising.net,available,,,high,high,8,,,,
256968be-928d-4c65-8f25-900d3192f497,noncurrent.net,available,11.98,18.58,medium,low,10,namecheap,,,03/09/2026 19:01
4adc4171-b625-4392-9c16-38041e0bccd7,petallike.net,available,11.98,18.58,medium,low,9,namecheap,,,08/09/2026 18:13
99991095-b63b-432e-a3d8-0c49eebde392,shuck.net,resell,,,high,high,5,"Veritas Domains, LLC",06/02/2025 19:16,06/02/2027 19:16,26/09/2026 09:00
6c8a64cc-3dd1-4afb-a9cd-7984b6404d8b,hasp.net,premium,,,high,high,4,Annulet LLC,11/09/2004 18:28,11/09/2025 18:28,
cc9681bd-08b0-4ebf-8a2d-c77920d3f92d,glace.net,resell,,,medium,low,5,"Gabia, Inc.",04/12/2015 19:00,04/12/2026 19:00,26/09/2026 06:23
4cd3e3fe-d885-4e47-93ad-89fd782fcd57,spelt.net,resell,,,high,high,5,"GoDaddy.com, LLC",10/03/2000 09:28,10/03/2027 08:28,26/09/2026 09:12
75d7e9eb-9e43-42ee-9404-9375ca0aa358,holographically.net,available,,,high,high,15,,,,
cee8e04e-63b9-42fd-9e77-99132fea30da,ballock.net,available,15.95,15.95,medium,low,7,namesilo,,,21/09/2026 23:03
d48627d3-616a-4879-8d32-7b17e6db9cd1,dukedoms.net,available,,,medium,low,8,,,,
1b5f85e8-e677-47cb-b29e-cbabcb179534,noshing.net,available,,,high,high,7,,,,
d64db1f1-02e8-4233-a5e0-d05e6bebf172,selfappointed.net,available,,,medium,low,14,,,,
e5f7f82b-dff3-4a77-898d-2e8ae033b072,enforces.net,available,,,medium,low,8,,,,
c5b8c56b-49eb-49ab-9340-a05f6bbb31fc,artisanality.net,available,,,medium,low,12,,,,
da2c2c32-2e0e-4a24-860e-5d76479b0383,destinies.net,resell,,,high,low,9,"GoDaddy.com, LLC",02/11/2015 01:19,02/11/2027 01:19,26/09/2026 05:31
d320f74a-8c4e-47bc-b81e-8ee853529f2a,deodoriser.net,available,,,high,high,10,,,,
aace23c8-3f9b-47e5-b06b-f75eb834390d,dressiness.net,available,,,medium,low,10,,,,
1d8803aa-a7af-462e-bacd-d59555c933b6,restrengthens.net,available,,,low,low,13,,,,
3644042f-f6c7-45e6-90c6-5390717c142d,toes.net,resell,,,medium,low,4,Porkbun LLC,01/07/2001 10:57,01/07/2028 10:57,26/09/2026 09:39
ac43c236-28f7-48fd-ac24-436114430934,decimalize.net,available,,,high,high,10,,,,
2b9714db-58f3-4d23-9534-d777e2143b06,grunge.net,premium,,,high,high,6,Annulet LLC,13/03/2000 11:49,13/03/2026 10:49,
6c2d1e29-5079-4f75-8945-46127d952384,trisyllabic.net,available,,,high,high,11,,,,
213c9ad4-c209-42ac-9027-42807f19ae0e,archosaur.net,available,12.48,18.58,medium,low,9,namecheap,,,06/08/2026 15:57
e8722880-1673-4f31-a143-87227077d1a1,chalybeate.net,available,12.48,18.58,medium,low,10,namecheap,,,12/08/2026 01:32
1ac723fa-3f79-4e74-9576-9705a16effe4,undertakings.net,available,,,medium,low,12,,,,
cc1f8099-118f-4047-ba24-ee2daeec7cdf,freeblown.net,available,,,high,high,10,,,,
fa9e227e-3285-409d-a3f0-de98dc610393,bulletproofness.net,available,,,medium,low,15,,,,
a6cd96d8-7bb9-452e-a20f-7dd7b2484de2,hadrosaur.net,available,,,high,high,9,,,,
0d1288a7-650e-4a6c-bead-389dd9dece3c,suzy.net,resell,,,high,high,4,"Sea Wasp, LLC",26/02/1999 05:00,26/02/2027 05:00,26/09/2026 09:27
4531dbd0-2f22-4747-a103-e2a17f4a3f00,nvq.net,resell,,,high,high,3,TuringSign Inc. d/b/a Cosmotown,19/02/1997 05:00,20/02/2027 05:00,26/09/2026 07:50
37da9286-e5af-4595-a797-d016578c57ff,enlivening.net,available,12.48,18.58,medium,low,10,namecheap,,,
e504b92c-4a88-4f57-bfa0-9f6bf6492e13,midanterior.net,available,,,high,high,11,,,,
b8e918bb-d3b2-4d09-b62d-57fa6a8b8a6e,ardeb.net,available,12.48,18.58,medium,low,5,namecheap,,,20/09/2026 03:06
bc8440bf-a111-4723-aa0c-105ac95bedbb,planetlike.net,available,,,high,high,10,,,,
48b7876d-4ba6-4958-8d73-79620085785a,glassworking.net,available,,,medium,low,12,,,,
eebed9c6-0720-4ae3-afb1-c2e88a3020a1,marking.net,resell,,,high,low,7,"GoDaddy.com, LLC",29/07/1999 03:43,29/07/2027 03:43,29/09/2026 07:33
6c58d0e5-9108-4f8e-9784-02fb5c58095e,proteases.net,available,,,medium,low,9,,,,
0860e5e0-c21f-4285-a992-f4c7ffd36ce0,idiosyncratically.net,available,,,high,high,17,,,,
c5a03d86-de12-4812-8fc6-0c0a3427075f,ploughing.net,available,,,high,high,9,,,,
e44fbc47-9451-4641-8dad-ddfd9beefe79,carbonification.net,available,,,high,high,15,,,,
69a221a9-a59a-44a6-81b6-22dbfec8c513,brisbanite.net,available,,,high,high,10,,,,